代號,更新日期,名稱,市場別,產業別,實收資本額,發行股數
1101,2026-09-13,臺灣水泥股份有限公司,上市,水泥工業,77231817420,7523181742
1102,2026-09-13,亞洲水泥股份有限公司,上市,水泥工業,35465628810,3546562881
1103,2026-09-13,嘉新水泥股份有限公司,上市,水泥工業,8328745530,832874553
1104,2026-09-13,環球水泥股份有限公司,上市,水泥工業,6866818160,686681816
1108,2026-09-13,幸福水泥股份有限公司,上市,水泥工業,4047380490,404738049
1109,2026-09-13,信大水泥股份有限公司,上市,水泥工業,3411588680,341158868
1110,2026-09-13,東南水泥股份有限公司,上市,水泥工業,5720007970,572000797
1201,2026-09-13,味全食品工業股份有限公司,上市,食品工業,5060629140,506062914
1203,2026-09-13,味王股份有限公司,上市,食品工業,2400000000,240000000
1210,2026-09-13,大成長城企業股份有限公司,上市,食品工業,8947672220,894767222
1213,2026-09-13,大西洋飲料股份有限公司,上市,食品工業,566226270,56622627
1215,2026-09-13,台灣卜蜂企業股份有限公司,上市,食品工業,2947900980,294790098
1216,2026-09-13,統一企業股份有限公司,上市,食品工業,56820154210,5682015421
1217,2026-09-13,愛之味股份有限公司,上市,食品工業,4945133360,494513336
1218,2026-09-13,泰山企業股份有限公司,上市,食品工業,4999990380,499999038
1219,2026-09-13,福壽實業股份有限公司,上市,食品工業,3412383640,341238364
1220,2026-09-13,台榮產業股份有限公司,上市,食品工業,1770779440,177077944
1225,2026-09-13,福懋油脂股份有限公司,上市,食品工業,2422683060,242268306
1227,2026-09-13,佳格食品股份有限公司,上市,食品工業,9150895910,915089591
1229,2026-09-13,聯華實業控股股份有限公司,上市,食品工業,18318798810,1831879881
1231,2026-09-13,聯華食品工業股份有限公司,上市,食品工業,3282999220,328299922
1232,2026-09-13,大統益股份有限公司,上市,食品工業,1599749150,159974915
1233,2026-09-13,天仁茶業股份有限公司,上市,食品工業,905919480,90591948
1234,2026-09-13,黑松股份有限公司,上市,食品工業,4018710940,401871094
1235,2026-09-13,興泰實業股份有限公司,上市,食品工業,1885778360,188577836
1236,2026-09-13,宏亞食品股份有限公司,上市,食品工業,866740080,86674008
1256,2026-09-13,鮮活控股股份有限公司,上市,食品工業,357813780,35781378
1301,2026-09-13,台灣塑膠工業股份有限公司,上市,塑膠工業,63657407810,6365740781
1303,2026-09-13,南亞塑膠工業股份有限公司,上市,塑膠工業,79308215890,7930821589
1304,2026-09-13,台灣聚合化學品股份有限公司,上市,塑膠工業,11887635000,1188763500
1305,2026-09-13,華夏海灣塑膠股份有限公司,上市,塑膠工業,5810504940,581050494
1307,2026-09-13,三芳化學工業股份有限公司,上市,塑膠工業,3978181260,397818126
1308,2026-09-13,亞洲聚合股份有限公司,上市,塑膠工業,5937439190,593743919
1309,2026-09-13,台達化學工業股份有限公司,上市,塑膠工業,3975868480,397586848
1310,2026-09-13,台灣苯乙烯工業股份有限公司,上市,塑膠工業,5278697640,527869764
1312,2026-09-13,國喬石油化學股份有限公司,上市,塑膠工業,15266203280,1506620328
1313,2026-09-13,聯成化學科技股份有限公司,上市,塑膠工業,13308461070,1330846107
1314,2026-09-13,中國石油化學工業開發(股)公司,上市,塑膠工業,37848501300,3784850130
1315,2026-09-13,達新工業股份有限公司,上市,塑膠工業,990990000,99099000
1316,2026-09-13,上曜建設開發股份有限公司,上市,建材營造,4016461500,401646150
1319,2026-09-13,東陽實業廠股份有限公司,上市,汽車工業,5914770680,591477068
1321,2026-09-13,大洋塑膠工業股份有限公司,上市,塑膠工業,2272282680,227228268
1323,2026-09-13,永裕塑膠工業股份有限公司,上市,塑膠工業,912745540,91274554
1324,2026-09-13,地球綜合工業股份有限公司,上市,塑膠工業,751218820,75121882
1325,2026-09-13,恒大股份有限公司,上市,塑膠工業,852811980,85281198
1326,2026-09-13,台灣化學纖維股份有限公司,上市,塑膠工業,58611862910,5861186291
1337,2026-09-13,亞洲塑膠再生資源控股有限公司,上市,塑膠工業,2689547290,268954729
1338,2026-09-13,廣華控股有限公司,上市,汽車工業,838400000,83840000
1339,2026-09-13,昭輝實業股份有限公司,上市,汽車工業,741238750,74123875
1340,2026-09-13,勝悅新材料有限公司,上市,塑膠工業,1529228550,152922855
1341,2026-09-13,富林塑膠工業(開曼)控股(股)公司,上市,塑膠工業,528506340,52850634
1342,2026-09-13,八貫企業股份有限公司,上市,其他,785009020,78500902
1402,2026-09-13,遠東新世紀股份有限公司,上市,紡織纖維,53528752270,5352875227
1409,2026-09-13,新光合成纖維股份有限公司,上市,紡織纖維,16184092860,1618409286
1410,2026-09-13,南洋染整股份有限公司,上市,紡織纖維,620000000,62000000
1413,2026-09-13,宏洲纖維工業股份有限公司,上市,紡織纖維,1321124540,132112454
1414,2026-09-13,東和紡織股份有限公司,上市,紡織纖維,1980000000,198000000
1416,2026-09-13,廣豐實業股份有限公司,上市,其他,1853421680,185342168
1417,2026-09-13,嘉裕股份有限公司,上市,紡織纖維,1899418400,189941840
1418,2026-09-13,東華龍股份有限公司,上市,紡織纖維,568343090,56834309
1419,2026-09-13,新光紡織股份有限公司,上市,紡織纖維,3000412800,300041280
1423,2026-09-13,利華羊毛工業股份有限公司,上市,紡織纖維,996480000,99648000
1432,2026-09-13,大魯閣實業股份有限公司,上市,運動休閒,1080000000,108000000
1434,2026-09-13,福懋興業股份有限公司,上市,紡織纖維,16846646370,1684664637
1435,2026-09-13,中福國際(股)公司,上市,其他,1397800800,139780080
1436,2026-09-13,華友聯開發股份有限公司,上市,建材營造,1941517950,194151795
1437,2026-09-13,勤益投資控股股份有限公司,上市,其他,2018712840,201871284
1438,2026-09-13,三地開發地產股份有限公司,上市,建材營造,1112057590,111205759
1439,2026-09-13,雋揚國際股份有限公司,上市,建材營造,920000000,92000000
1440,2026-09-13,臺南紡織股份有限公司,上市,紡織纖維,16568158570,1656815857
1441,2026-09-13,大東紡織股份有限公司,上市,紡織纖維,617443870,61744387
1442,2026-09-13,名軒開發股份有限公司,上市,建材營造,3662113580,366211358
1443,2026-09-13,立益物流開發股份有限公司,上市,其他,1353430110,135343011
1444,2026-09-13,力麗企業股份有限公司,上市,紡織纖維,9955950590,995595059
1445,2026-09-13,大宇紡織股份有限公司,上市,紡織纖維,1306660340,130666034
1446,2026-09-13,宏和精密紡織股份有限公司,上市,紡織纖維,1377095130,137709513
1447,2026-09-13,力鵬企業股份有限公司,上市,紡織纖維,9100712420,910071242
1449,2026-09-13,佳和實業股份有限公司,上市,紡織纖維,1271145720,127114572
1451,2026-09-13,年興紡織股份有限公司,上市,紡織纖維,1980000000,198000000
1452,2026-09-13,宏益纖維工業股份有限公司,上市,紡織纖維,1326414000,132641400
1453,2026-09-13,大將開發股份有限公司,上市,建材營造,1132430480,113243048
1454,2026-09-13,台灣富綢纖維股份有限公司,上市,紡織纖維,1298338480,129833848
1455,2026-09-13,集盛實業股份有限公司,上市,紡織纖維,5316883800,531688380
1456,2026-09-13,怡華實業股份有限公司,上市,建材營造,937200000,93720000
1457,2026-09-13,宜進實業股份有限公司,上市,紡織纖維,3167300220,316730022
1459,2026-09-13,聯發紡織纖維股份有限公司,上市,紡織纖維,2689716800,268971680
1460,2026-09-13,宏遠興業股份有限公司,上市,紡織纖維,6946434840,694643484
1463,2026-09-13,強盛新投資控股股份有限公司,上市,紡織纖維,1732683810,173268381
1464,2026-09-13,得力實業股份有限公司,上市,紡織纖維,4255757330,425575733
1465,2026-09-13,偉全實業股份有限公司,上市,紡織纖維,1036072670,103607267
1466,2026-09-13,聚隆纖維股份有限公司,上市,紡織纖維,1111573200,111157320
1467,2026-09-13,南緯實業股份有限公司,上市,紡織纖維,2336246670,233624667
1468,2026-09-13,昶和纖維興業股份有限公司,上市,紡織纖維,1604052440,160405244
1470,2026-09-13,大統新創股份有限公司,上市,紡織纖維,857670000,85767000
1471,2026-09-13,首利實業股份有限公司,上市,電子零組件,1504145360,150414536
1472,2026-09-13,三洋實業股份有限公司,上市,建材營造,524880820,52488082
1473,2026-09-13,台南企業股份有限公司,上市,紡織纖維,1461535340,146153534
1474,2026-09-13,弘裕企業股份有限公司,上市,紡織纖維,1298969690,129896969
1475,2026-09-13,台灣業旺股份有限公司,上市,紡織纖維,660167490,66016749
1476,2026-09-13,儒鴻企業股份有限公司,上市,紡織纖維,2743671110,274367111
1477,2026-09-13,聚陽實業股份有限公司,上市,紡織纖維,2466937130,246693713
1503,2026-09-13,士林電機廠股份有限公司,上市,電機機械,5209722230,520972223
1504,2026-09-13,東元電機股份有限公司,上市,電機機械,23764406840,2376440684
1506,2026-09-13,正道工業股份有限公司,上市,電機機械,3003885010,300388501
1512,2026-09-13,瑞利企業股份有限公司,上市,汽車工業,981834980,98183498
1513,2026-09-13,中興電工機械股份有限公司,上市,電機機械,5031125150,503112515
1514,2026-09-13,亞力電機股份有限公司,上市,電機機械,2785706420,278570642
1515,2026-09-13,力山工業股份有限公司,上市,電機機械,1814735000,181473500
1516,2026-09-13,川飛能源股份有限公司,上市,其他,300081950,30008195
1517,2026-09-13,利奇機械工業股份有限公司,上市,電機機械,2200000070,220000007
1519,2026-09-13,華城電機股份有限公司,上市,電機機械,3474689290,347468929
1521,2026-09-13,大億交通工業製造股份有限公司,上市,汽車工業,762300000,76230000
1522,2026-09-13,堤維西交通工業股份有限公司,上市,汽車工業,3428978810,312897881
1524,2026-09-13,耿鼎企業股份有限公司,上市,汽車工業,1653103970,165310397
1525,2026-09-13,江申工業股份有限公司,上市,汽車工業,734001350,73400135
1526,2026-09-13,日馳企業股份有限公司,上市,電機機械,600000000,60000000
1527,2026-09-13,鑽全實業股份有限公司,上市,電機機械,1385706400,138570640
1528,2026-09-13,恩德科技股份有限公司,上市,電機機械,1913310000,191331000
1529,2026-09-13,樂事綠能科技股份有限公司,上市,電機機械,1550950740,155095074
1530,2026-09-13,亞崴機電股份有限公司,上市,電機機械,945941710,94594171
1531,2026-09-13,高林股份有限公司,上市,電機機械,1821080800,182108080
1532,2026-09-13,勤美股份有限公司,上市,電機機械,4226042710,422604271
1533,2026-09-13,車王電子股份有限公司,上市,汽車工業,985474860,98547486
1535,2026-09-13,中宇環保工程股份有限公司,上市,電機機械,1237425520,123742552
1536,2026-09-13,和大工業股份有限公司,上市,汽車工業,2789595130,278959513
1537,2026-09-13,廣隆光電科技股份有限公司,上市,電機機械,820627940,82062794
1538,2026-09-13,正峰工業股份有限公司,上市,電機機械,323000000,32300000
1539,2026-09-13,巨庭機械股份有限公司,上市,電機機械,653700000,65370000
1540,2026-09-13,喬福機械工業股份有限公司,上市,電機機械,854736120,85473612
1541,2026-09-13,錩泰工業股份有限公司,上市,電機機械,788000000,78800000
1558,2026-09-13,伸興工業股份有限公司,上市,電機機械,645356310,64535631
1560,2026-09-13,中國砂輪企業股份有限公司,上市,電機機械,1502894560,150289456
1563,2026-09-13,巧新科技工業股份有限公司,上市,汽車工業,1692061050,169206105
1568,2026-09-13,倉佑實業股份有限公司,上市,汽車工業,1030865590,103086559
1582,2026-09-13,信錦企業股份有限公司,上市,電子零組件,1442686040,144268604
1583,2026-09-13,程泰機械股份有限公司,上市,電機機械,1094003720,109400372
1587,2026-09-13,吉茂精密股份有限公司,上市,汽車工業,800556720,80055672
1589,2026-09-13,永冠能源科技集團有限公司,上市,電機機械,1531359410,153135941
1590,2026-09-13,亞德客國際集團,上市,電機機械,1999999980,199999998
1597,2026-09-13,直得科技股份有限公司,上市,電機機械,892618040,89261804
1598,2026-09-13,岱宇國際股份有限公司,上市,運動休閒,1791420920,179142092
1603,2026-09-13,中華電線電纜股份有限公司,上市,電器電纜,1916880000,191688000
1604,2026-09-13,聲寶股份有限公司,上市,電器電纜,3842000000,384200000
1605,2026-09-13,華新麗華股份有限公司,上市,電器電纜,44313329480,4431332948
1608,2026-09-13,華榮電線電纜股份有限公司,上市,電器電纜,6327735060,632773506
1609,2026-09-13,大亞電線電纜股份有限公司,上市,電器電纜,7852619440,785261944
1611,2026-09-13,中國電器股份有限公司,上市,電器電纜,3227357420,322735742
1612,2026-09-13,宏泰電工股份有限公司,上市,電器電纜,3160800630,316080063
1614,2026-09-13,台灣三洋電機股份有限公司,上市,電器電纜,2691134060,269113406
1615,2026-09-13,大山電線電纜股份有限公司,上市,電器電纜,1986303390,198630339
1616,2026-09-13,億泰電線電纜股份有限公司,上市,電器電纜,1941485150,194148515
1617,2026-09-13,榮星電線工業股份有限公司,上市,電器電纜,1695147000,169514700
1618,2026-09-13,合機電線電纜股份有限公司,上市,電器電纜,1926917470,192691747
1623,2026-09-13,大東電業廠股份有限公司,上市,電器電纜,660000000,66000000
1626,2026-09-13,艾美特(開曼)國際有限公司,上市,電器電纜,1498217210,149821721
1702,2026-09-13,南僑投資控股股份有限公司,上市,食品工業,2941329620,294132962
1707,2026-09-13,葡萄王生技股份有限公司,上市,生技醫療業,1481373730,148137373
1708,2026-09-13,東南實業股份有限公司,上市,化學工業,2490016510,249001651
1709,2026-09-13,和益化學工業股份有限公司,上市,化學工業,4770162720,477016272
1710,2026-09-13,東聯化學股份有限公司,上市,化學工業,8857030290,885703029
1711,2026-09-13,臺灣永光化學工業股份有限公司,上市,化學工業,5477522260,547752226
1712,2026-09-13,興農股份有限公司,上市,化學工業,4204925850,420492585
1713,2026-09-13,國泰化工廠股份有限公司,上市,化學工業,1509517000,150951700
1714,2026-09-13,和桐化學股份有限公司,上市,化學工業,9918248080,991824808
1717,2026-09-13,長興材料工業股份有限公司,上市,化學工業,11842454830,1184245483
1718,2026-09-13,中國人造纖維股份有限公司,上市,化學工業,16859057450,1685905745
1720,2026-09-13,生達化學製藥股份有限公司,上市,生技醫療業,1965656980,196565698
1721,2026-09-13,國慶科技股份有限公司,上市,化學工業,1848840920,184884092
1722,2026-09-13,台灣肥料股份有限公司,上市,化學工業,9800000000,980000000
1723,2026-09-13,中鋼碳素化學股份有限公司,上市,化學工業,2369044800,236904480
1725,2026-09-13,元禎企業股份有限公司,上市,化學工業,1818299780,181829978
1726,2026-09-13,永記造漆工業股份有限公司,上市,化學工業,1620000000,162000000
1727,2026-09-13,臺灣中華化學工業股份有限公司,上市,化學工業,1280195590,128019559
1730,2026-09-13,花仙子企業股份有限公司,上市,化學工業,632338510,63233851
1731,2026-09-13,美吾華股份有限公司,上市,生技醫療業,1329152440,132915244
1732,2026-09-13,毛寶股份有限公司,上市,化學工業,424439570,42443957
1733,2026-09-13,五鼎生物技術股份有限公司,上市,生技醫療業,999501920,99950192
1734,2026-09-13,杏輝藥品工業股份有限公司,上市,生技醫療業,1901967740,190196774
1735,2026-09-13,日勝化工股份有限公司,上市,化學工業,993880000,99388000
1736,2026-09-13,喬山健康科技股份有限公司,上市,運動休閒,3033946170,303394617
1737,2026-09-13,臺鹽實業股份有限公司,上市,食品工業,2000000000,200000000
1752,2026-09-13,南光化學製藥股份有限公司,上市,生技醫療業,1009884720,100988472
1760,2026-09-13,寶齡富錦生技股份有限公司,上市,生技醫療業,857390130,85739013
1762,2026-09-13,中化合成生技股份有限公司,上市,生技醫療業,769180000,76918000
1773,2026-09-13,勝一化工股份有限公司,上市,化學工業,3000000000,300000000
1776,2026-09-13,展宇科技材料股份有限公司,上市,化學工業,601069520,60106952
1783,2026-09-13,和康生物科技股份有限公司,上市,生技醫療業,896981150,89698115
1786,2026-09-13,科妍生物科技股份有限公司,上市,生技醫療業,748276410,74827641
1789,2026-09-13,台灣神隆股份有限公司,上市,生技醫療業,7907392220,790739222
1795,2026-09-13,美時化學製藥股份有限公司,上市,生技醫療業,2667382290,266738229
1802,2026-09-13,台灣玻璃工業股份有限公司,上市,玻璃陶瓷,29080608000,2908060800
1805,2026-09-13,寶徠建設股份有限公司,上市,建材營造,1349704550,134970455
1806,2026-09-13,冠軍建材股份有限公司,上市,玻璃陶瓷,3904038700,390403870
1808,2026-09-13,潤隆建設股份有限公司,上市,建材營造,7144253930,714425393
1809,2026-09-13,中國製釉股份有限公司,上市,玻璃陶瓷,1670419370,167041937
1810,2026-09-13,和成欣業股份有限公司,上市,玻璃陶瓷,3023037190,302303719
1817,2026-09-13,凱撒衛浴股份有限公司,上市,玻璃陶瓷,726000000,72600000
1903,2026-09-13,士林紙業股份有限公司,上市,造紙工業,2600391210,260039121
1904,2026-09-13,正隆股份有限公司,上市,造紙工業,11082745220,1108274522
1905,2026-09-13,中華紙漿股份有限公司,上市,造紙工業,11028353160,1102835316
1906,2026-09-13,寶隆國際股份有限公司,上市,造紙工業,1510000000,151000000
1907,2026-09-13,永豐餘投資控股股份有限公司,上市,造紙工業,16603714950,1660371495
1909,2026-09-13,榮成紙業股份有限公司,上市,造紙工業,13276857270,1327685727
2002,2026-09-13,中國鋼鐵股份有限公司,上市,鋼鐵工業,157731289960,15734860997
2006,2026-09-13,東和鋼鐵企業股份有限公司,上市,鋼鐵工業,7302138180,730213818
2007,2026-09-13,燁興企業股份有限公司,上市,鋼鐵工業,5306516130,530651613
2008,2026-09-13,高興昌鋼鐵股份有限公司,上市,鋼鐵工業,1908522930,190852293
2009,2026-09-13,第一伸銅科技股份有限公司,上市,鋼鐵工業,3596221650,359622165
2010,2026-09-13,春源鋼鐵工業股份有限公司,上市,鋼鐵工業,6476553900,647655390
2012,2026-09-13,春雨工廠股份有限公司,上市,鋼鐵工業,3021627000,302162700
2013,2026-09-13,中國鋼鐵結構股份有限公司,上市,鋼鐵工業,2000000000,200000000
2014,2026-09-13,中鴻鋼鐵股份有限公司,上市,鋼鐵工業,14355444460,1435544446
2015,2026-09-13,豐興鋼鐵股份有限公司,上市,鋼鐵工業,5815994240,581599424
2017,2026-09-13,官田鋼鐵股份有限公司,上市,鋼鐵工業,4468746910,446874691
2020,2026-09-13,美亞鋼管廠股份有限公司,上市,鋼鐵工業,2670313200,267031320
2022,2026-09-13,聚亨企業股份有限公司,上市,鋼鐵工業,3371681380,337168138
2023,2026-09-13,燁輝企業股份有限公司,上市,鋼鐵工業,18212402140,1821240214
2024,2026-09-13,志聯工業股份有限公司,上市,鋼鐵工業,975000000,97500000
2025,2026-09-13,千興不銹鋼(股)公司,上市,鋼鐵工業,1726605360,172660536
2027,2026-09-13,大成不銹鋼工業股份有限公司,上市,鋼鐵工業,25842606150,2584260615
2028,2026-09-13,威致鋼鐵工業股份有限公司,上市,鋼鐵工業,3257148000,325714800
2029,2026-09-13,盛餘股份有限公司,上市,鋼鐵工業,3211800000,321180000
2030,2026-09-13,彰源企業股份有限公司,上市,鋼鐵工業,2805260270,280526027
2031,2026-09-13,新光鋼鐵股份有限公司,上市,鋼鐵工業,3211463410,321146341
2032,2026-09-13,新鋼工業股份有限公司,上市,鋼鐵工業,1305215450,130521545
2033,2026-09-13,佳大世界股份有限公司,上市,鋼鐵工業,1200000000,120000000
2034,2026-09-13,允強實業股份有限公司,上市,鋼鐵工業,5289955890,528995589
2038,2026-09-13,海光企業股份有限公司,上市,鋼鐵工業,1941343030,194134303
2049,2026-09-13,上銀科技股份有限公司,上市,電機機械,3537922400,353792240
2059,2026-09-13,川湖科技股份有限公司,上市,電子零組件,952970720,95297072
2062,2026-09-13,橋椿金屬股份有限公司,上市,居家生活,1999941520,199994152
2069,2026-09-13,運錩鋼鐵股份有限公司,上市,鋼鐵工業,1663868360,166386836
2072,2026-09-13,世紀能源設備股份有限公司,上市,綠能環保,1920000000,192000000
2101,2026-09-13,南港輪胎股份有限公司,上市,橡膠工業,7339349040,733934904
2102,2026-09-13,泰豐輪胎股份有限公司,上市,橡膠工業,4733292070,473329207
2103,2026-09-13,台橡股份有限公司,上市,橡膠工業,8257099780,825709978
2104,2026-09-13,國際中橡投資控股股份有限公司,上市,橡膠工業,9847336250,984733625
2105,2026-09-13,正新橡膠工業股份有限公司,上市,橡膠工業,32414155360,3241415536
2106,2026-09-13,建大工業股份有限公司,上市,橡膠工業,9548900000,954890000
2107,2026-09-13,厚生股份有限公司,上市,橡膠工業,3035934000,303593400
2108,2026-09-13,南帝化學工業股份有限公司,上市,橡膠工業,4924166590,492416659
2109,2026-09-13,華豐橡膠工業股份有限公司,上市,橡膠工業,2793491340,279349134
2114,2026-09-13,鑫永銓股份有限公司,上市,橡膠工業,779917070,77991707
2115,2026-09-13,六暉控股股份有限公司,上市,汽車工業,1043731630,104373163
2201,2026-09-13,裕隆汽車製造股份有限公司,上市,汽車工業,10700012510,1070001251
2204,2026-09-13,中華汽車工業股份有限公司,上市,汽車工業,5536203420,553620342
2206,2026-09-13,三陽工業股份有限公司,上市,汽車工業,7736756040,773675604
2207,2026-09-13,和泰汽車股份有限公司,上市,汽車工業,5571027680,557102768
2208,2026-09-13,台灣國際造船股份有限公司,上市,航運業,12745394490,1274539449
2211,2026-09-13,長榮鋼鐵股份有限公司,上市,鋼鐵工業,4170914630,417091463
2227,2026-09-13,裕隆日產汽車股份有限公司,上市,汽車工業,3000000000,300000000
2228,2026-09-13,劍麟股份有限公司,上市,汽車工業,797796920,79779692
2231,2026-09-13,為升電裝工業股份有限公司,上市,汽車工業,1359318700,135931870
2233,2026-09-13,宇隆科技股份有限公司,上市,汽車工業,602888890,60288889
2236,2026-09-13,百達精密工業股份有限公司,上市,汽車工業,631309350,63130935
2237,2026-09-13,華德動能科技股份有限公司,上市,汽車工業,1288859010,128885901
2239,2026-09-13,開曼英利工業股份有限公司,上市,汽車工業,1177125930,117712593
2241,2026-09-13,艾姆勒科技股份有限公司,上市,汽車工業,1046023060,104602306
2243,2026-09-13,宏旭控股股份有限公司,上市,汽車工業,773735960,77373596
2247,2026-09-13,汎德永業汽車股份有限公司,上市,汽車工業,807109260,80710926
2248,2026-09-13,華勝汽車電子股份有限公司,上市,汽車工業,476000000,47600000
2250,2026-09-13,第一化成控股(開曼)股份有限公司,上市,汽車工業,363882260,36388226
2254,2026-09-13,巨鎧精密工業股份有限公司,上市,汽車工業,639076800,63907680
2258,2026-09-13,鴻華先進科技股份有限公司,上市,汽車工業,17512673000,1751267300
2301,2026-09-13,光寶科技股份有限公司,上市,電腦及週邊,23161077630,2316107763
2302,2026-09-13,麗正國際科技股份有限公司,上市,半導體業,1663028810,166302881
2303,2026-09-13,聯華電子股份有限公司,上市,半導體業,125700938990,12570093899
2305,2026-09-13,全友電腦股份有限公司,上市,電腦及週邊,2056608270,205660827
2308,2026-09-13,台達電子工業股份有限公司,上市,電子零組件,25975433290,2597543329
2312,2026-09-13,金寶電子工業股份有限公司,上市,其他電子業,15057812110,1505781211
2313,2026-09-13,華通電腦股份有限公司,上市,電子零組件,12338205890,1233820589
2314,2026-09-13,台揚科技股份有限公司,上市,通信網路業,1085964220,108596422
2316,2026-09-13,楠梓電子股份有限公司,上市,電子零組件,1827405360,182740536
2317,2026-09-13,鴻海精密工業股份有限公司,上市,其他電子業,140757464970,14075746497
2321,2026-09-13,東訊股份有限公司,上市,通信網路業,165550600,16555060
2323,2026-09-13,中環股份有限公司,上市,光電業,9804134950,980413495
2324,2026-09-13,仁寶電腦工業股份有限公司,上市,電腦及週邊,44071466250,4407146625
2327,2026-09-13,國巨股份有限公司,上市,電子零組件,5146826720,2058730688
2328,2026-09-13,廣宇科技股份有限公司,上市,電子零組件,5183462820,518346282
2329,2026-09-13,華泰電子股份有限公司,上市,半導體業,6589483330,658948333
2330,2026-09-13,台灣積體電路製造股份有限公司,上市,半導體業,259323700670,25932370067
2331,2026-09-13,精英電腦股份有限公司,上市,電腦及週邊,5574029680,557402968
2332,2026-09-13,友訊科技股份有限公司,上市,通信網路業,6021631730,602163173
2337,2026-09-13,旺宏電子股份有限公司,上市,半導體業,19818566380,1981856638
2338,2026-09-13,台灣光罩股份有限公司,上市,半導體業,3668491830,366849183
2340,2026-09-13,台亞半導體股份有限公司,上市,半導體業,4386228460,438622846
2342,2026-09-13,台灣茂矽電子股份有限公司,上市,半導體業,1573352440,157335244
2344,2026-09-13,華邦電子股份有限公司,上市,半導體業,45000001930,4500000193
2345,2026-09-13,智邦科技股份有限公司,上市,通信網路業,5611178970,561117897
2347,2026-09-13,聯強國際股份有限公司,上市,電子通路業,16679469680,1667946968
2348,2026-09-13,海悅國際開發股份有限公司,上市,其他,1894855960,159485596
2349,2026-09-13,錸德科技股份有限公司,上市,光電業,6936796630,693679663
2351,2026-09-13,順德工業股份有限公司,上市,半導體業,1937340610,193734061
2352,2026-09-13,佳世達科技股份有限公司,上市,電腦及週邊,15805065050,1580506505
2353,2026-09-13,宏碁股份有限公司,上市,電腦及週邊,30478538280,3047853828
2354,2026-09-13,鴻準精密工業股份有限公司,上市,其他電子業,14144851920,1414485192
2355,2026-09-13,敬鵬工業股份有限公司,上市,電子零組件,3974954200,397495420
2356,2026-09-13,英業達股份有限公司,上市,電腦及週邊,35874750660,3587475066
2357,2026-09-13,華碩電腦股份有限公司,上市,電腦及週邊,7427602800,742760280
2359,2026-09-13,所羅門股份有限公司,上市,其他電子業,1714710520,171471052
2360,2026-09-13,致茂電子股份有限公司,上市,其他電子業,4252457420,425245742
2362,2026-09-13,藍天電腦股份有限公司,上市,電腦及週邊,6222630000,622263000
2363,2026-09-13,矽統科技股份有限公司,上市,半導體業,5149881610,514988161
2364,2026-09-13,倫飛電腦實業股份有限公司,上市,電腦及週邊,523897100,52388648
2365,2026-09-13,昆盈企業股份有限公司,上市,電腦及週邊,2215284960,221528496
2367,2026-09-13,燿華電子股份有限公司,上市,電子零組件,7062531750,706253175
2368,2026-09-13,金像電子(股)公司,上市,電子零組件,5229329730,522932973
2369,2026-09-13,菱生精密工業股份有限公司,上市,半導體業,3801023440,380102344
2371,2026-09-13,大同股份有限公司,上市,電機機械,21508348510,2150834851
2373,2026-09-13,震旦行股份有限公司,上市,其他電子業,2362025180,236202518
2374,2026-09-13,佳能企業股份有限公司,上市,光電業,3379921330,337992133
2375,2026-09-13,凱美電機股份有限公司,上市,電子零組件,1086753340,108675334
2376,2026-09-13,技嘉科技股份有限公司,上市,電腦及週邊,6698888860,669888886
2377,2026-09-13,微星科技股份有限公司,上市,電腦及週邊,8448561990,844856199
2379,2026-09-13,瑞昱半導體股份有限公司,上市,半導體業,5155126410,515512641
2380,2026-09-13,虹光精密工業股份有限公司,上市,電腦及週邊,600000000,60000000
2382,2026-09-13,廣達電腦股份有限公司,上市,電腦及週邊,41076274320,4107627432
2383,2026-09-13,台光電子材料股份有限公司,上市,電子零組件,3583211140,358321114
2385,2026-09-13,群光電子股份有限公司,上市,電子零組件,7657211880,765721188
2387,2026-09-13,精元電腦股份有限公司,上市,電腦及週邊,1952510510,195251051
2388,2026-09-13,威盛電子股份有限公司,上市,半導體業,5559559410,555955941
2390,2026-09-13,云辰電子開發股份有限公司,上市,其他電子業,1926194420,192619442
2392,2026-09-13,正崴精密工業股份有限公司,上市,電子零組件,5123269400,512326940
2393,2026-09-13,億光電子工業股份有限公司,上市,光電業,4433930860,443393086
2395,2026-09-13,研華股份有限公司,上市,電腦及週邊,8690460080,869046008
2397,2026-09-13,友通資訊股份有限公司,上市,電腦及週邊,1144888570,114488857
2399,2026-09-13,映泰股份有限公司,上市,電腦及週邊,1781000000,178100000
2401,2026-09-13,凌陽科技股份有限公司,上市,半導體業,5919949190,591994919
2402,2026-09-13,毅嘉科技股份有限公司,上市,電子零組件,3075365330,307536533
2404,2026-09-13,漢唐集成股份有限公司,上市,其他電子業,1905866980,190586698
2405,2026-09-13,輔信科技股份有限公司,上市,電腦及週邊,3434273030,343427303
2406,2026-09-13,國碩科技工業股份有限公司,上市,光電業,3509056890,350905689
2408,2026-09-13,南亞科技股份有限公司,上市,半導體業,34502058940,3450205894
2409,2026-09-13,友達光電股份有限公司,上市,光電業,75470989720,7547098972
2412,2026-09-13,中華電信股份有限公司,上市,通信網路業,77574465450,7757446545
2413,2026-09-13,環隆科技股份有限公司,上市,電子零組件,1273592000,127359200
2414,2026-09-13,精技電腦股份有限公司,上市,電子通路業,1617358460,161735846
2415,2026-09-13,錩新科技股份有限公司,上市,電子零組件,900000000,90000000
2417,2026-09-13,圓剛科技股份有限公司,上市,電腦及週邊,1572188640,157218864
2419,2026-09-13,仲琦科技股份有限公司,上市,通信網路業,3213172290,321317229
2420,2026-09-13,新巨企業股份有限公司,上市,電子零組件,1526486880,152648688
2421,2026-09-13,建準電機工業股份有限公司,上市,電子零組件,2869436690,286943669
2423,2026-09-13,固緯電子實業股份有限公司,上市,其他電子業,1450472890,145047289
2424,2026-09-13,隴華電子股份有限公司,上市,通信網路業,595850000,59585000
2425,2026-09-13,承啟科技股份有限公司,上市,電腦及週邊,964988310,96498831
2426,2026-09-13,鼎元光電科技股份有限公司,上市,光電業,3006222520,300622252
2427,2026-09-13,三商電腦股份有限公司,上市,資訊服務業,1979995730,197999573
2428,2026-09-13,興勤電子工業股份有限公司,上市,電子零組件,1281127260,128112726
2429,2026-09-13,銘旺科技股份有限公司,上市,光電業,855000000,85500000
2430,2026-09-13,燦坤實業股份有限公司,上市,電子通路業,1168000000,116800000
2431,2026-09-13,聯昌電子企業股份有限公司,上市,電子零組件,807144360,80714436
2432,2026-09-13,倚天酷碁股份有限公司,上市,電腦及週邊,618600000,61860000
2433,2026-09-13,互盛股份有限公司,上市,其他電子業,1444960110,144496011
2434,2026-09-13,統懋半導體股份有限公司,上市,半導體業,370000000,37000000
2436,2026-09-13,偉詮電子股份有限公司,上市,半導體業,2041775610,204177561
2438,2026-09-13,翔耀實業股份有限公司,上市,光電業,711956410,71195641
2439,2026-09-13,美律實業股份有限公司,上市,通信網路業,2486413140,248641314
2440,2026-09-13,太空梭高傳真資訊科技(股)公司,上市,電子零組件,1391172710,139117271
2441,2026-09-13,超豐電子股份有限公司,上市,半導體業,5688459210,568845921
2442,2026-09-13,新美齊股份有限公司,上市,建材營造,3252320210,325232021
2444,2026-09-13,兆勁科技股份有限公司,上市,通信網路業,1065695730,106569573
2449,2026-09-13,京元電子股份有限公司,上市,半導體業,12838823180,1283882318
2450,2026-09-13,神腦國際企業股份有限公司,上市,通信網路業,2582526570,258252657
2451,2026-09-13,創見資訊股份有限公司,上市,半導體業,4313456750,431345675
2453,2026-09-13,凌群電腦股份有限公司,上市,資訊服務業,1000000000,100000000
2454,2026-09-13,聯發科技股份有限公司,上市,半導體業,16049526130,1604952613
2455,2026-09-13,全新光電科技股份有限公司,上市,通信網路業,1869834430,186983443
2457,2026-09-13,飛宏科技股份有限公司,上市,電子零組件,4247724160,424772416
2458,2026-09-13,義隆電子股份有限公司,上市,半導體業,3038803920,303880392
2459,2026-09-13,敦吉科技股份有限公司,上市,其他電子業,1055956150,105595615
2460,2026-09-13,建通精密工業股份有限公司,上市,電子零組件,1692000000,169200000
2461,2026-09-13,光群雷射科技股份有限公司,上市,其他電子業,1918879630,191887963
2462,2026-09-13,台灣良得電子股份有限公司,上市,電子零組件,1507844820,150784482
2464,2026-09-13,盟立自動化股份有限公司,上市,其他電子業,2166804340,216680434
2465,2026-09-13,麗臺科技股份有限公司,上市,電腦及週邊,939460310,93946031
2466,2026-09-13,冠西電子企業股份有限公司,上市,光電業,1734586970,173458697
2467,2026-09-13,志聖工業股份有限公司,上市,電子零組件,1568553480,156855348
2468,2026-09-13,華經資訊企業股份有限公司,上市,資訊服務業,699612490,69961249
2471,2026-09-13,資通電腦股份有限公司,上市,資訊服務業,472538900,47253890
2472,2026-09-13,立隆電子工業股份有限公司,上市,電子零組件,1647351370,164735137
2474,2026-09-13,可成科技股份有限公司,上市,其他電子業,5388210680,538821068
2476,2026-09-13,鉅祥企業股份有限公司,上市,電子零組件,2190704540,219070454
2477,2026-09-13,美隆工業股份有限公司,上市,其他電子業,1585732440,158573244
2478,2026-09-13,大毅科技股份有限公司,上市,電子零組件,1447313390,144731339
2480,2026-09-13,敦陽科技股份有限公司,上市,資訊服務業,1063602910,106360291
2481,2026-09-13,強茂股份有限公司,上市,半導體業,3821149270,382114927
2482,2026-09-13,連宇股份有限公司,上市,其他電子業,778827110,77882711
2483,2026-09-13,百容電子股份有限公司,上市,電子零組件,1078898070,107889807
2484,2026-09-13,希華晶體科技股份有限公司,上市,電子零組件,1594210220,159421022
2485,2026-09-13,兆赫電子股份有限公司,上市,通信網路業,3176890370,317689037
2486,2026-09-13,一詮精密工業股份有限公司,上市,光電業,2404825100,240482510
2488,2026-09-13,漢平電子工業股份有限公司,上市,其他電子業,799994330,79999433
2489,2026-09-13,瑞軒科技股份有限公司,上市,光電業,6100000000,610000000
2491,2026-09-13,吉祥全球實業股份有限公司,上市,光電業,820080000,82008000
2492,2026-09-13,華新科技股份有限公司,上市,電子零組件,4852047740,485204774
2493,2026-09-13,揚博科技股份有限公司,上市,電子零組件,1267966290,126796629
2495,2026-09-13,普安科技股份有限公司,上市,電腦及週邊,2735515380,273551538
2496,2026-09-13,卓越成功股份有限公司,上市,其他,200554620,20055462
2497,2026-09-13,怡利電子工業股份有限公司,上市,汽車工業,1308876760,130887676
2498,2026-09-13,宏達國際電子股份有限公司,上市,通信網路業,8360970860,836097086
2501,2026-09-13,國泰建設股份有限公司,上市,建材營造,11595610590,1159561059
2504,2026-09-13,國產建材實業股份有限公司,上市,建材營造,11800000000,1180000000
2505,2026-09-13,國揚實業股份有限公司,上市,建材營造,3800000000,380000000
2506,2026-09-13,太平洋建設股份有限公司,上市,建材營造,3870000000,387000000
2509,2026-09-13,全坤建設開發股份有限公司,上市,建材營造,2245505300,224550530
2511,2026-09-13,太子建設開發股份有限公司,上市,建材營造,16233261470,1623326147
2514,2026-09-13,龍邦國際興業股份有限公司,上市,其他,3947292780,394729278
2515,2026-09-13,中華工程股份有限公司,上市,建材營造,16884600790,1688460079
2516,2026-09-13,新亞建設開發股份有限公司,上市,建材營造,2262784570,226278457
2520,2026-09-13,冠德建設股份有限公司,上市,建材營造,6094871100,609487110
2524,2026-09-13,京城建設股份有限公司,上市,建材營造,3661845960,366184596
2527,2026-09-13,宏璟建設股份有限公司,上市,建材營造,2703060000,270306000
2528,2026-09-13,皇普建設股份有限公司,上市,建材營造,4359964670,435996467
2530,2026-09-13,大華建設股份有限公司,上市,建材營造,8412557310,841255731
2534,2026-09-13,宏盛建設股份有限公司,上市,建材營造,4742279700,474227970
2535,2026-09-13,達欣工程股份有限公司,上市,建材營造,2707939670,270793967
2536,2026-09-13,宏普建設股份有限公司,上市,建材營造,3328086520,332808652
2537,2026-09-13,聯上開發股份有限公司,上市,建材營造,3005577950,300557795
2538,2026-09-13,基泰建設股份有限公司,上市,建材營造,4450254950,445025495
2539,2026-09-13,櫻花建設股份有限公司,上市,建材營造,11931025810,1193102581
2540,2026-09-13,愛山林建設開發股份有限公司,上市,建材營造,9448739650,944873965
2542,2026-09-13,興富發建設股份有限公司,上市,建材營造,21530835390,2153083539
2543,2026-09-13,皇昌營造股份有限公司,上市,建材營造,5285419610,528541961
2545,2026-09-13,皇翔建設股份有限公司,上市,建材營造,3797348080,379734808
2546,2026-09-13,根基營造股份有限公司,上市,建材營造,1461870970,146187097
2547,2026-09-13,日勝生活科技股份有限公司,上市,建材營造,10350946490,1035094649
2548,2026-09-13,華固建設股份有限公司,上市,建材營造,3357046310,335704631
2597,2026-09-13,潤弘精密工程事業股份有限公司,上市,建材營造,3107160000,310716000
2601,2026-09-13,益航股份有限公司,上市,航運業,6903790110,690379011
2603,2026-09-13,長榮海運股份有限公司,上市,航運業,21650429960,2165042996
2605,2026-09-13,新興航運股份有限公司,上市,航運業,5853532970,585353297
2606,2026-09-13,裕民航運股份有限公司,上市,航運業,8450557120,845055712
2607,2026-09-13,長榮國際儲運股份有限公司,上市,航運業,5335705470,533570547
2608,2026-09-13,嘉里大榮物流股份有限公司,上市,航運業,4670004980,467000498
2609,2026-09-13,陽明海運股份有限公司,上市,航運業,34921042700,3492104270
2610,2026-09-13,中華航空股份有限公司,上市,航運業,61449885580,6144988558
2611,2026-09-13,志信國際股份有限公司,上市,航運業,1890022720,189002272
2612,2026-09-13,中國航運股份有限公司,上市,航運業,1974845930,197484593
2613,2026-09-13,中國貨櫃運輸股份有限公司,上市,航運業,1484234580,148423458
2614,2026-09-13,東森國際股份有限公司,上市,其他,3272649460,327264946
2615,2026-09-13,萬海航運股份有限公司,上市,航運業,28061462930,2806146293
2616,2026-09-13,山隆通運股份有限公司,上市,油電燃氣業,1372818270,137281827
2617,2026-09-13,台灣航業股份有限公司,上市,航運業,4172944870,417294487
2618,2026-09-13,長榮航空股份有限公司,上市,航運業,54004443350,5400444335
2630,2026-09-13,亞洲航空股份有限公司,上市,航運業,2094382040,209438204
2633,2026-09-13,台灣高速鐵路股份有限公司,上市,航運業,56282930580,5628293058
2634,2026-09-13,漢翔航空工業股份有限公司,上市,航運業,9418671010,941867101
2636,2026-09-13,台驊國際控股股份有限公司,上市,航運業,1418352300,141835230
2637,2026-09-13,慧洋海運股份有限公司,上市,航運業,7464091990,746409199
2642,2026-09-13,台灣宅配通股份有限公司,上市,航運業,954670000,95467000
2645,2026-09-13,長榮航太科技股份有限公司,上市,航運業,3745709620,374570962
2646,2026-09-13,星宇航空股份有限公司,上市,航運業,30087350000,3008735000
2701,2026-09-13,萬華企業股份有限公司,上市,觀光餐旅,4499678380,449967838
2702,2026-09-13,華園飯店股份有限公司,上市,觀光餐旅,1566132490,156613249
2704,2026-09-13,國賓大飯店股份有限公司,上市,觀光餐旅,3669233430,366923343
2705,2026-09-13,六福開發股份有限公司,上市,觀光餐旅,1913128300,191312830
2706,2026-09-13,第一華僑大飯店股份有限公司,上市,觀光餐旅,4999983460,499998346
2707,2026-09-13,晶華國際酒店股份有限公司,上市,觀光餐旅,1274032380,127403238
2712,2026-09-13,遠雄悅來大飯店股份有限公司,上市,觀光餐旅,1050000000,105000000
2722,2026-09-13,夏都國際開發股份有限公司,上市,觀光餐旅,1431696960,143169696
2723,2026-09-13,開曼美食達人股份有限公司,上市,觀光餐旅,1800000000,180000000
2727,2026-09-13,王品餐飲股份有限公司,上市,觀光餐旅,829401090,82940109
2731,2026-09-13,雄獅旅行社股份有限公司,上市,觀光餐旅,932777390,93277739
2739,2026-09-13,寒舍餐旅管理顧問股份有限公司,上市,觀光餐旅,915260000,91526000
2748,2026-09-13,雲品國際酒店股份有限公司,上市,觀光餐旅,1057787400,105778740
2753,2026-09-13,八方雲集國際股份有限公司,上市,觀光餐旅,666447960,66644796
2762,2026-09-13,世界健身股份有限公司,上市,運動休閒,1125000000,112500000
2801,2026-09-13,彰化商業銀行股份有限公司,上市,金融保險,120601974090,12060197409
2812,2026-09-13,台中商業銀行股份有限公司,上市,金融保險,64250748580,6425074858
2816,2026-09-13,旺旺友聯產物保險股份有限公司,上市,金融保險,2236080000,223608000
2820,2026-09-13,中華票券金融股份有限公司,上市,金融保險,13429600000,1342960000
2832,2026-09-13,台灣產物保險股份有限公司,上市,金融保險,2535402800,253540280
2834,2026-09-13,臺灣中小企業銀行股份有限公司,上市,金融保險,103983261790,10398326179
2836,2026-09-13,高雄銀行股份有限公司,上市,金融保險,18983161530,1858316153
2838,2026-09-13,聯邦商業銀行股份有限公司,上市,金融保險,48078289610,4607828961
2845,2026-09-13,遠東國際商業銀行股份有限公司,上市,金融保險,48652847310,4865284731
2849,2026-09-13,安泰商業銀行股份有限公司,上市,金融保險,19576093490,1957609349
2850,2026-09-13,新光產物保險股份有限公司,上市,金融保險,3159633000,315963300
2851,2026-09-13,中央再保險股份有限公司,上市,金融保險,8003887500,800388750
2852,2026-09-13,第一產物保險股份有限公司,上市,金融保險,3011637840,301163784
2855,2026-09-13,統一綜合證券股份有限公司,上市,金融保險,16014144780,1601414478
2880,2026-09-13,華南金融控股股份有限公司,上市,金融保險,140561347390,14056134739
2881,2026-09-13,富邦金融控股股份有限公司,上市,金融保險,156073549520,14007364952
2882,2026-09-13,國泰金融控股股份有限公司,上市,金融保險,162025101280,14669210128
2883,2026-09-13,凱基金融控股股份有限公司,上市,金融保險,185567548490,16974612475
2884,2026-09-13,玉山金融控股股份有限公司,上市,金融保險,177235104710,17723510471
2885,2026-09-13,元大金融控股股份有限公司,上市,金融保險,138643959440,13864395944
2886,2026-09-13,兆豐金融控股股份有限公司,上市,金融保險,148333782820,14833378282
2887,2026-09-13,台新新光金融控股股份有限公司,上市,金融保險,296061505490,25115061997
2889,2026-09-13,國票金融控股股份有限公司,上市,金融保險,36335634710,3633563471
2890,2026-09-13,永豐金融控股股份有限公司,上市,金融保險,147921687210,14782168721
2891,2026-09-13,中國信託金融控股股份有限公司,上市,金融保險,201759228060,19675932806
2892,2026-09-13,第一金融控股股份有限公司,上市,金融保險,143794686500,14379468650
2897,2026-09-13,王道商業銀行股份有限公司,上市,金融保險,30553578780,2805357878
2901,2026-09-13,欣欣大眾市場股份有限公司,上市,貿易百貨,730432830,73043283
2903,2026-09-13,遠東百貨股份有限公司,上市,貿易百貨,14169405890,1416940589
2904,2026-09-13,匯僑股份有限公司,上市,其他,778344320,77834432
2905,2026-09-13,三商投資控股股份有限公司,上市,貿易百貨,11103717030,1110371703
2906,2026-09-13,高林實業股份有限公司,上市,貿易百貨,2091166480,209116648
2908,2026-09-13,特力股份有限公司,上市,貿易百貨,5098875580,509887558
2910,2026-09-13,統領百貨股份有限公司,上市,貿易百貨,1754030000,175403000
2911,2026-09-13,麗嬰房股份有限公司,上市,貿易百貨,1051259990,105125999
2912,2026-09-13,統一超商股份有限公司,上市,貿易百貨,10396222550,1039622255
2913,2026-09-13,台灣農林股份有限公司,上市,貿易百貨,7900000000,790000000
2915,2026-09-13,潤泰全球股份有限公司,上市,貿易百貨,11043187720,1104318772
2923,2026-09-13,鼎固控股有限公司,上市,建材營造,17402969820,1740296982
2929,2026-09-13,淘帝國際控股有限公司,上市,貿易百貨,1094938380,109493838
2939,2026-09-13,永邑國際集團股份有限公司,上市,貿易百貨,455486650,45548665
2945,2026-09-13,三商家購股份有限公司,上市,貿易百貨,675000000,67500000
3002,2026-09-13,歐格電子股份有限公司,上市,電腦及週邊,1020000000,102000000
3003,2026-09-13,健和興端子股份有限公司,上市,電子零組件,1556548900,155654890
3004,2026-09-13,豐達科技股份有限公司,上市,鋼鐵工業,643650550,64365055
3005,2026-09-13,神基控股股份有限公司,上市,電腦及週邊,6245701500,624570150
3006,2026-09-13,晶豪科技股份有限公司,上市,半導體業,2981278410,298127841
3008,2026-09-13,大立光電股份有限公司,上市,光電業,1307981970,130798197
3010,2026-09-13,華立企業股份有限公司,上市,電子通路業,2594368170,259436817
3011,2026-09-13,今皓實業股份有限公司,上市,電子零組件,1295658510,129565851
3013,2026-09-13,晟銘電子科技股份有限公司,上市,電腦及週邊,2051389300,205138930
3014,2026-09-13,聯陽半導體股份有限公司,上市,半導體業,1659541240,165954124
3015,2026-09-13,全漢企業股份有限公司,上市,電子零組件,1872619500,187261950
3016,2026-09-13,嘉晶電子股份有限公司,上市,半導體業,2903569030,290356903
3017,2026-09-13,奇鋐科技股份有限公司,上市,電腦及週邊,3926701070,392670107
3018,2026-09-13,隆銘綠能科技工程股份有限公司,上市,其他電子業,753777150,75377715
3019,2026-09-13,亞洲光學股份有限公司,上市,光電業,2792439010,279243901
3021,2026-09-13,鴻名企業股份有限公司,上市,電子零組件,946830000,94683000
3022,2026-09-13,威強電工業電腦股份有限公司,上市,電腦及週邊,1765977900,176597790
3023,2026-09-13,信邦電子股份有限公司,上市,電子零組件,2400690140,240069014
3024,2026-09-13,憶聲電子股份有限公司,上市,光電業,2771574960,277157496
3025,2026-09-13,星通資訊股份有限公司,上市,通信網路業,567364400,56736440
3026,2026-09-13,禾伸堂企業股份有限公司,上市,電子零組件,1658903180,165890318
3027,2026-09-13,盛達電業股份有限公司,上市,通信網路業,1291602990,129160299
3028,2026-09-13,增你強股份有限公司,上市,電子通路業,2372411930,237241193
3029,2026-09-13,零壹科技股份有限公司,上市,資訊服務業,1670052120,167005212
3030,2026-09-13,德律科技股份有限公司,上市,其他電子業,2362160000,236216000
3031,2026-09-13,佰鴻工業股份有限公司,上市,光電業,1732032240,173203224
3032,2026-09-13,偉訓科技股份有限公司,上市,電子零組件,1132856260,113285626
3033,2026-09-13,威健實業股份有限公司,上市,電子通路業,5165594480,516559448
3034,2026-09-13,聯詠科技股份有限公司,上市,半導體業,6085114690,608511469
3035,2026-09-13,智原科技股份有限公司,上市,半導體業,2605503130,260550313
3036,2026-09-13,文曄科技股份有限公司,上市,電子通路業,12705627010,1270562701
3037,2026-09-13,欣興電子股份有限公司,上市,電子零組件,16412915960,1641291596
3038,2026-09-13,全台晶像股份有限公司,上市,光電業,1574076030,157407603
3040,2026-09-13,遠見科技股份有限公司,上市,其他,662245380,66224538
3041,2026-09-13,揚智科技股份有限公司,上市,半導體業,1420966470,142096647
3042,2026-09-13,台灣晶技股份有限公司,上市,電子零組件,3429929710,342992971
3043,2026-09-13,科風股份有限公司,上市,其他電子業,389756340,38975634
3044,2026-09-13,健鼎科技股份有限公司,上市,電子零組件,5256058980,525605898
3045,2026-09-13,台灣大哥大股份有限公司,上市,通信網路業,37234310150,3723431015
3046,2026-09-13,建碁股份有限公司,上市,電腦及週邊,784480130,78448013
3047,2026-09-13,訊舟科技股份有限公司,上市,通信網路業,2247616080,224761608
3048,2026-09-13,益登科技股份有限公司,上市,電子通路業,2698297940,269829794
3049,2026-09-13,精金科技股份有限公司,上市,光電業,8020105290,802010529
3050,2026-09-13,鈺德科技股份有限公司,上市,光電業,1549844500,154984450
3051,2026-09-13,力特光電科技股份有限公司,上市,光電業,1670000000,167000000
3052,2026-09-13,夆典科技開發股份有限公司,上市,建材營造,2332457710,233245771
3054,2026-09-13,立萬利創新股份有限公司,上市,電子通路業,806510410,80651041
3055,2026-09-13,蔚華科技股份有限公司,上市,電子通路業,1149749180,114974918
3056,2026-09-13,富華創新股份有限公司,上市,建材營造,4805550510,480555051
3057,2026-09-13,喬鼎資訊股份有限公司,上市,電腦及週邊,678646290,67864629
3058,2026-09-13,立德電子股份有限公司,上市,電子零組件,2017227790,201722779
3059,2026-09-13,華晶科技股份有限公司,上市,光電業,3076680250,307668025
3060,2026-09-13,銘異科技股份有限公司,上市,電腦及週邊,1375631900,137563190
3062,2026-09-13,建漢科技股份有限公司,上市,通信網路業,3300818180,330081818
3090,2026-09-13,日電貿股份有限公司,上市,電子零組件,2875671500,287567150
3092,2026-09-13,鴻碩精密電工股份有限公司,上市,電子零組件,1066492500,106649250
3094,2026-09-13,聯傑國際股份有限公司,上市,半導體業,831170890,83117089
3130,2026-09-13,一零四資訊科技股份有限公司,上市,數位雲端,331907000,33190700
3135,2026-09-13,凌航科技股份有限公司,上市,半導體業,971589560,97158956
3138,2026-09-13,耀登科技股份有限公司,上市,通信網路業,517324260,51732426
3149,2026-09-13,正達國際光電股份有限公司,上市,光電業,2262336040,226233604
3150,2026-09-13,鈺寶科技股份有限公司,上市,半導體業,443770010,44377001
3164,2026-09-13,景岳生物科技股份有限公司,上市,生技醫療業,860103640,86010364
3167,2026-09-13,大量科技股份有限公司,上市,電機機械,895134910,89513491
3168,2026-09-13,眾福科技股份有限公司,上市,光電業,750996490,75099649
3189,2026-09-13,景碩科技股份有限公司,上市,半導體業,5269103600,526910360
3209,2026-09-13,全科科技股份有限公司,上市,電子通路業,2353911890,235391189
3229,2026-09-13,晟鈦股份有限公司,上市,電子零組件,642630000,64263000
3231,2026-09-13,緯創資通股份有限公司,上市,電腦及週邊,31800522500,3180052250
3257,2026-09-13,虹冠電子工業股份有限公司,上市,半導體業,798235900,79823590
3266,2026-09-13,昇陽建設企業股份有限公司,上市,建材營造,3523143090,352314309
3296,2026-09-13,勝德國際研發股份有限公司,上市,電子零組件,967244500,96724450
3305,2026-09-13,昇貿科技股份有限公司,上市,其他電子業,1433739740,143373974
3308,2026-09-13,聯德電子股份有限公司,上市,電子零組件,600000000,60000000
3311,2026-09-13,閎暉實業股份有限公司,上市,通信網路業,1000000000,100000000
3312,2026-09-13,弘憶國際股份有限公司,上市,電子通路業,1826268150,182626815
3321,2026-09-13,同泰電子科技股份有限公司,上市,電子零組件,861137690,86113769
3338,2026-09-13,泰碩電子股份有限公司,上市,電子零組件,879081410,87908141
3346,2026-09-13,麗清科技股份有限公司,上市,汽車工業,1212283520,121228352
3356,2026-09-13,奇偶科技股份有限公司,上市,光電業,685504220,68550422
3376,2026-09-13,新日興股份有限公司,上市,電子零組件,1957802150,195780215
3380,2026-09-13,明泰科技股份有限公司,上市,通信網路業,5417184600,541718460
3406,2026-09-13,玉晶光電股份有限公司,上市,光電業,1127430630,112743063
3413,2026-09-13,京鼎精密科技股份有限公司,上市,半導體業,1109244100,110924410
3416,2026-09-13,融程電訊股份有限公司,上市,電腦及週邊,804961290,80496129
3419,2026-09-13,譁裕實業股份有限公司,上市,通信網路業,1204804170,120480417
3432,2026-09-13,台端興業股份有限公司,上市,電子零組件,422300000,42230000
3437,2026-09-13,榮創能源科技股份有限公司,上市,光電業,1445480000,144548000
3443,2026-09-13,創意電子股份有限公司,上市,半導體業,1340119110,134011911
3447,2026-09-13,展達通訊股份有限公司,上市,通信網路業,774491200,77449120
3450,2026-09-13,聯鈞光電股份有限公司,上市,半導體業,1456813820,145681382
3481,2026-09-13,群創光電股份有限公司,上市,光電業,79891973370,7989197337
3494,2026-09-13,誠研科技股份有限公司,上市,電腦及週邊,948000000,94800000
3501,2026-09-13,維熹科技股份有限公司,上市,電子零組件,1182579270,118257927
3504,2026-09-13,揚明光學股份有限公司,上市,光電業,1140597850,114059785
3515,2026-09-13,華擎科技股份有限公司,上市,電腦及週邊,1235208890,123520889
3518,2026-09-13,柏騰科技股份有限公司,上市,其他電子業,1024672300,102467230
3528,2026-09-13,安馳科技股份有限公司,上市,電子通路業,666392160,66639216
3530,2026-09-13,晶相光電股份有限公司,上市,半導體業,774759000,77475900
3532,2026-09-13,台塑勝高科技股份有限公司,上市,半導體業,3878483000,387848300
3533,2026-09-13,嘉澤端子工業股份有限公司,上市,電子零組件,1125346910,112534691
3535,2026-09-13,晶彩科技股份有限公司,上市,光電業,790523560,79052356
3543,2026-09-13,州巧科技股份有限公司,上市,光電業,1102631500,110263150
3545,2026-09-13,敦泰電子股份有限公司,上市,半導體業,2224113500,222411350
3550,2026-09-13,聯穎科技股份有限公司,上市,電子零組件,1075500000,107550000
3557,2026-09-13,嘉威生活股份有限公司,上市,居家生活,843154350,84315435
3563,2026-09-13,牧德科技股份有限公司,上市,光電業,639608580,63960858
3576,2026-09-13,聯合再生能源股份有限公司,上市,光電業,16277953750,1627795375
3583,2026-09-13,辛耘企業股份有限公司,上市,半導體業,838586440,83858644
3588,2026-09-13,通嘉科技股份有限公司,上市,半導體業,619911820,61991182
3591,2026-09-13,艾笛森光電股份有限公司,上市,光電業,1303868350,130386835
3592,2026-09-13,瑞鼎科技股份有限公司,上市,半導體業,758552260,75855226
3593,2026-09-13,力銘科技股份有限公司,上市,電子零組件,608254490,60825449
3596,2026-09-13,智易科技股份有限公司,上市,通信網路業,2203543210,220354321
3605,2026-09-13,宏致電子股份有限公司,上市,電子零組件,1752703390,175270339
3607,2026-09-13,谷崧精密工業股份有限公司,上市,電子零組件,1216622390,121662239
3617,2026-09-13,碩天科技股份有限公司,上市,其他電子業,947620490,94762049
3622,2026-09-13,洋華光電股份有限公司,上市,光電業,1513276000,151327600
3645,2026-09-13,達邁科技股份有限公司,上市,電子零組件,1367542070,136754207
3652,2026-09-13,精聯電子股份有限公司,上市,電腦及週邊,750975000,75097500
3653,2026-09-13,健策精密工業股份有限公司,上市,電子零組件,1472038780,147203878
3661,2026-09-13,世芯電子股份有限公司,上市,半導體業,863051140,86305114
3665,2026-09-13,貿聯控股(BizLink Holding Inc.),上市,其他電子業,1995784050,199578405
3669,2026-09-13,圓展科技股份有限公司,上市,通信網路業,929199500,92919950
3673,2026-09-13,"TPK Holding Co., Ltd.",上市,光電業,4066637590,406663759
3679,2026-09-13,新至陞科技股份有限公司,上市,電子零組件,630222290,63022229
3686,2026-09-13,達能科技股份有限公司,上市,半導體業,764951180,76495118
3694,2026-09-13,海華科技股份有限公司,上市,通信網路業,1548907080,154890708
3701,2026-09-13,大眾全球投資控股股份有限公司,上市,電腦及週邊,2366688830,236668883
3702,2026-09-13,大聯大控股股份有限公司,上市,電子通路業,16836206990,1683620699
3703,2026-09-13,欣陸投資控股股份有限公司,上市,建材營造,8232159800,823215980
3704,2026-09-13,合勤投資控股股份有限公司,上市,通信網路業,4154449700,415444970
3705,2026-09-13,永信國際投資控股股份有限公司,上市,生技醫療業,2664229830,266422983
3706,2026-09-13,神達控股股份有限公司,上市,電腦及週邊,13272124680,1327212468
3708,2026-09-13,上緯國際控股股份有限公司,上市,綠能環保,898428720,89842872
3711,2026-09-13,日月光投資控股股份有限公司,上市,半導體業,44705722820,4470572282
3712,2026-09-13,永崴投資控股股份有限公司,上市,電腦及週邊,2462421460,246242146
3714,2026-09-13,富采控股股份有限公司,上市,光電業,7379404600,737940460
3715,2026-09-13,定穎投資控股股份有限公司,上市,電子零組件,2835745840,283574584
3716,2026-09-13,中化控股股份有限公司,上市,生技醫療業,1505792110,150579211
3717,2026-09-13,聯嘉光電投資控股股份有限公司,上市,汽車工業,2078454450,207845445
4104,2026-09-13,佳醫健康事業股份有限公司,上市,生技醫療業,1883674560,188367456
4106,2026-09-13,雃博股份有限公司,上市,生技醫療業,1009115570,100911557
4108,2026-09-13,懷特生技新藥股份有限公司,上市,生技醫療業,1986188790,198618879
4119,2026-09-13,旭富製藥科技股份有限公司,上市,生技醫療業,1195086340,119508634
4133,2026-09-13,亞諾法生技股份有限公司,上市,生技醫療業,605535940,60553594
4137,2026-09-13,麗豐股份有限公司,上市,生技醫療業,824923500,82492350
4142,2026-09-13,國光生物科技股份有限公司,上市,生技醫療業,4295077500,429507750
4148,2026-09-13,全宇生技控股有限公司,上市,生技醫療業,672357010,67235701
4155,2026-09-13,訊映光電股份有限公司,上市,生技醫療業,1251869980,125186998
4164,2026-09-13,承業生醫投資控股股份有限公司,上市,生技醫療業,1953109890,195310989
4169,2026-09-13,泰宗生物科技股份有限公司,上市,生技醫療業,664316120,66431612
4178,2026-09-13,永笙生技股份有限公司,上市,生技醫療業,2158669810,215866981
4190,2026-09-13,佐登妮絲集團股份有限公司,上市,生技醫療業,612629570,61262957
4195,2026-09-13,基龍米克斯生物科技股份有限公司,上市,生技醫療業,800000570,80000057
4306,2026-09-13,炎洲股份有限公司,上市,塑膠工業,6767572160,676757216
4414,2026-09-13,如興股份有限公司,上市,紡織纖維,2637957730,263795773
4426,2026-09-13,利勤實業股份有限公司,上市,紡織纖維,1726771980,172677198
4438,2026-09-13,廣越企業股份有限公司,上市,紡織纖維,1134254550,113425455
4439,2026-09-13,冠星集團控股有限公司,上市,紡織纖維,382148430,38214843
4440,2026-09-13,宜新實業股份有限公司,上市,紡織纖維,675980000,67598000
4441,2026-09-13,振大環球股份有限公司,上市,紡織纖維,681755780,68175578
4526,2026-09-13,東台精機股份有限公司,上市,電機機械,2548264610,254826461
4532,2026-09-13,瑞智精密股份有限公司,上市,電機機械,4948951050,494895105
4536,2026-09-13,拓凱實業股份有限公司,上市,運動休閒,908200000,90820000
4540,2026-09-13,全球傳動科技股份有限公司,上市,電機機械,1151867240,115186724
4545,2026-09-13,銘鈺精密工業股份有限公司,上市,電子零組件,770000000,77000000
4551,2026-09-13,智伸科技股份有限公司,上市,汽車工業,1152224980,115222498
4552,2026-09-13,力達控股有限公司,上市,電機機械,1160000000,116000000
4555,2026-09-13,台灣氣立股份有限公司,上市,電機機械,699876530,69987653
4557,2026-09-13,永新控股股份有限公司,上市,汽車工業,479718400,47971840
4560,2026-09-13,強信機械科技股份有限公司,上市,電機機械,680972400,68097240
4562,2026-09-13,穎漢科技股份有限公司,上市,電機機械,875460000,87546000
4564,2026-09-13,元翎精密工業股份有限公司,上市,電機機械,2327883030,232788303
4566,2026-09-13,時碩工業股份有限公司,上市,電機機械,1103810020,110381002
4569,2026-09-13,六方科技股份有限公司,上市,汽車工業,306000000,30600000
4571,2026-09-13,鈞興機電國際股份有限公司,上市,電機機械,530171150,53017115
4572,2026-09-13,駐龍精密機械股份有限公司,上市,電機機械,400186790,40018679
4576,2026-09-13,大銀微系統股份有限公司,上市,電機機械,1198018480,119801848
4581,2026-09-13,World Known MFG(Cayman)Limited,上市,汽車工業,338990000,33899000
4582,2026-09-13,聚恆科技股份有限公司,上市,綠能環保,754800000,75480000
4583,2026-09-13,台灣精銳科技股份有限公司,上市,電機機械,801713510,80171351
4585,2026-09-13,達明機器人股份有限公司,上市,其他電子業,1046090000,104609000
4588,2026-09-13,玖鼎電力資訊股份有限公司,上市,其他電子業,429850000,42985000
4590,2026-09-13,富田電機股份有限公司,上市,電機機械,548384000,54838400
4720,2026-09-13,德淵企業股份有限公司,上市,化學工業,1145160370,114516037
4722,2026-09-13,國精化學股份有限公司,上市,化學工業,1037650730,103765073
4736,2026-09-13,泰博科技股份有限公司,上市,生技醫療業,953744690,95374469
4737,2026-09-13,華廣生技股份有限公司,上市,生技醫療業,773280530,77328053
4739,2026-09-13,康普材料科技股份有限公司,上市,化學工業,1246492690,124649269
4746,2026-09-13,台耀化學股份有限公司,上市,生技醫療業,1202559630,120255963
4755,2026-09-13,三福化工股份有限公司,上市,化學工業,1007060000,100706000
4763,2026-09-13,濟南大自然新材料股份有限公司,上市,化學工業,989146670,989146670
4764,2026-09-13,雙鍵化工股份有限公司,上市,化學工業,855420620,85542062
4766,2026-09-13,南寶樹脂化學工廠股份有限公司,上市,化學工業,1205707800,120570780
4770,2026-09-13,上品綜合工業股份有限公司,上市,化學工業,799760000,79976000
4771,2026-09-13,望隼科技股份有限公司,上市,生技醫療業,587087000,58708700
4807,2026-09-13,日成控股股份有限公司,上市,貿易百貨,489960320,48996032
4904,2026-09-13,遠傳電信股份有限公司,上市,通信網路業,36077053570,3607705357
4906,2026-09-13,正文科技股份有限公司,上市,通信網路業,4517062320,451706232
4912,2026-09-13,聯德控股股份有限公司,上市,電子零組件,669930990,66993099
4915,2026-09-13,致伸科技股份有限公司,上市,電子零組件,4718808240,471880824
4916,2026-09-13,事欣科技股份有限公司,上市,電腦及週邊,1240825390,124082539
4919,2026-09-13,新唐科技股份有限公司,上市,半導體業,4197652680,419765268
4927,2026-09-13,泰鼎國際股份有限公司,上市,電子零組件,2649379880,264937988
4930,2026-09-13,燦星網通股份有限公司,上市,電器電纜,800000000,80000000
4934,2026-09-13,太極能源科技股份有限公司,上市,光電業,2250000000,225000000
4935,2026-09-13,茂林光電科技(開曼)股份有限公司,上市,光電業,1288640910,128864091
4938,2026-09-13,和碩聯合科技股份有限公司,上市,電腦及週邊,26757087030,2675708703
4942,2026-09-13,嘉彰股份有限公司,上市,光電業,1423676130,142367613
4943,2026-09-13,開曼康而富控股股份有限公司,上市,電子零組件,1266943530,126694353
4949,2026-09-13,有成精密股份有限公司,上市,光電業,677031430,67703143
4952,2026-09-13,凌通科技股份有限公司,上市,半導體業,1088158160,108815816
4956,2026-09-13,光鋐科技股份有限公司,上市,光電業,1004082360,100408236
4958,2026-09-13,臻鼎科技控股股份有限公司,上市,電子零組件,11175342130,1117534213
4960,2026-09-13,誠美材料科技股份有限公司,上市,光電業,5717053880,571705388
4961,2026-09-13,天鈺科技股份有限公司,上市,半導體業,1212536030,121253603
4967,2026-09-13,十銓科技股份有限公司,上市,半導體業,985663940,98566394
4968,2026-09-13,立積電子股份有限公司,上市,半導體業,922098980,92209898
4976,2026-09-13,佳凌科技股份有限公司,上市,光電業,1412180000,141218000
4977,2026-09-13,眾達科技股份有限公司,上市,通信網路業,826898410,82689841
4989,2026-09-13,李長榮科技股份有限公司,上市,電子零組件,1727765000,172776500
4994,2026-09-13,傳奇網路遊戲股份有限公司,上市,資訊服務業,663834000,66383400
4999,2026-09-13,鑫禾科技股份有限公司,上市,電子零組件,744172000,74417200
5007,2026-09-13,三星科技股份有限公司,上市,鋼鐵工業,2949401540,294940154
5203,2026-09-13,訊連科技股份有限公司,上市,資訊服務業,773425500,77342550
5215,2026-09-13,科嘉(開曼)股份有限公司,上市,電腦及週邊,643375000,64337500
5222,2026-09-13,全訊科技股份有限公司,上市,半導體業,1001084650,100108465
5225,2026-09-13,東科控股股份有限公司,上市,其他電子業,791364990,79136499
5234,2026-09-13,達興材料股份有限公司,上市,光電業,1027159110,102715911
5236,2026-09-13,凌陽創新科技股份有限公司,上市,半導體業,600040380,60004038
5243,2026-09-13,乙盛精密工業股份有限公司,上市,光電業,1685289150,168528915
5244,2026-09-13,弘凱光電股份有限公司,上市,光電業,682418990,68241899
5258,2026-09-13,虹堡科技股份有限公司,上市,電腦及週邊,1103648940,110364894
5269,2026-09-13,祥碩科技股份有限公司,上市,半導體業,741563590,74156359
5283,2026-09-13,禾聯碩股份有限公司,上市,電器電纜,876005100,87600510
5284,2026-09-13,經寶精密控股股份有限公司,上市,其他,528926830,52892683
5285,2026-09-13,界霖科技股份有限公司,上市,半導體業,1020409260,102040926
5288,2026-09-13,開曼商豐祥控股股份有限公司,上市,電機機械,696987220,69698722
5292,2026-09-13,華懋科技股份有限公司,上市,綠能環保,463188000,46318800
5306,2026-09-13,桂盟國際股份有限公司,上市,運動休閒,1260007720,126000772
5388,2026-09-13,中磊電子股份有限公司,上市,通信網路業,3043425420,304342542
5434,2026-09-13,崇越科技股份有限公司,上市,電子通路業,1940079830,194007983
5469,2026-09-13,瀚宇博德股份有限公司,上市,電子零組件,4861660000,486166000
5471,2026-09-13,松翰科技股份有限公司,上市,半導體業,1678770620,167877062
5484,2026-09-13,慧友電子股份有限公司,上市,光電業,668010000,66801000
5515,2026-09-13,建國工程股份有限公司,上市,建材營造,2016000840,201600084
5519,2026-09-13,隆大營建事業股份有限公司,上市,建材營造,2301570390,230157039
5521,2026-09-13,工信工程股份有限公司,上市,建材營造,4922801550,492280155
5522,2026-09-13,遠雄建設事業股份有限公司,上市,建材營造,7815962410,781596241
5525,2026-09-13,順天建設股份有限公司,上市,建材營造,3181053780,318105378
5531,2026-09-13,鄉林建設事業股份有限公司,上市,建材營造,10775892450,977589245
5533,2026-09-13,皇鼎建設開發股份有限公司,上市,建材營造,2852449440,285244944
5534,2026-09-13,長虹建設股份有限公司,上市,建材營造,3153259600,315325960
5538,2026-09-13,開曼東明控股股份有限公司,上市,鋼鐵工業,2012033330,201203333
5546,2026-09-13,永固集團股份有限公司,上市,建材營造,823534020,82353402
5607,2026-09-13,遠雄自貿港投資控股股份有限公司,上市,航運業,3705529130,370552913
5608,2026-09-13,四維航業股份有限公司,上市,航運業,3892761380,389276138
5706,2026-09-13,鳳凰國際旅行社股份有限公司,上市,觀光餐旅,837679200,83767920
5871,2026-09-13,中租控股股份有限公司,上市,其他,18956495840,1745649584
5876,2026-09-13,上海商業儲蓄銀行股份有限公司,上市,金融保險,49102191710,4910219171
5880,2026-09-13,合作金庫金融控股股份有限公司,上市,金融保險,156809369140,15680936914
5906,2026-09-13,台南生活(開曼)股份有限公司,上市,貿易百貨,357414120,35741412
5907,2026-09-13,Grand Ocean RetailGroupLimited,上市,貿易百貨,1955310000,195531000
6005,2026-09-13,群益金鼎證券股份有限公司,上市,金融保險,24552970580,2455297058
6024,2026-09-13,群益期貨股份有限公司,上市,金融保險,2666834030,266683403
6108,2026-09-13,競國實業股份有限公司,上市,電子零組件,1081460180,108146018
6112,2026-09-13,邁達特數位股份有限公司,上市,資訊服務業,1883573360,188357336
6115,2026-09-13,鎰勝工業股份有限公司,上市,電子零組件,1876621540,187662154
6116,2026-09-13,瀚宇彩晶股份有限公司,上市,光電業,28586548510,2858654851
6117,2026-09-13,迎廣科技股份有限公司,上市,電腦及週邊,925867490,92586749
6120,2026-09-13,達運精密工業股份有限公司,上市,光電業,5989996020,598999602
6128,2026-09-13,上福全球科技股份有限公司,上市,電腦及週邊,1275887400,127588740
6133,2026-09-13,金橋科技股份有限公司,上市,電子零組件,1170062940,117006294
6136,2026-09-13,富爾特科技股份有限公司,上市,通信網路業,1155364120,115536412
6139,2026-09-13,亞翔工程股份有限公司,上市,其他電子業,2355757240,235575724
6141,2026-09-13,柏承科技股份有限公司,上市,電子零組件,1133540050,113354005
6142,2026-09-13,友勁科技股份有限公司,上市,通信網路業,3042066950,304206695
6152,2026-09-13,百一電子股份有限公司,上市,通信網路業,1677384630,167738463
6153,2026-09-13,嘉聯益科技股份有限公司,上市,電子零組件,6361776940,636177694
6155,2026-09-13,鈞寶電子工業股份有限公司,上市,電子零組件,880239880,88023988
6164,2026-09-13,華興電子工業股份有限公司,上市,光電業,800000000,80000000
6165,2026-09-13,浪凡網路科技股份有限公司,上市,數位雲端,777526230,77752623
6166,2026-09-13,凌華科技股份有限公司,上市,電腦及週邊,2177792570,217779257
6168,2026-09-13,宏齊科技股份有限公司,上市,光電業,2057618010,205761801
6176,2026-09-13,瑞儀光電股份有限公司,上市,光電業,3487704470,348770447
6177,2026-09-13,達麗建設事業股份有限公司,上市,建材營造,4718914260,471891426
6183,2026-09-13,關貿網路股份有限公司,上市,資訊服務業,1500000000,150000000
6184,2026-09-13,大豐有線電視股份有限公司,上市,其他,1582306570,158230657
6189,2026-09-13,豐藝電子股份有限公司,上市,電子通路業,2637796570,263779657
6191,2026-09-13,精成科技股份有限公司,上市,電子零組件,4993030000,499303000
6192,2026-09-13,巨路國際股份有限公司,上市,其他電子業,961557700,96155770
6196,2026-09-13,帆宣系統科技股份有限公司,上市,其他電子業,2203295290,220329529
6197,2026-09-13,佳必琪國際股份有限公司,上市,電子零組件,1234391280,123439128
6201,2026-09-13,亞弘電科技股份有限公司,上市,其他電子業,892000000,89200000
6202,2026-09-13,盛群半導體股份有限公司,上市,半導體業,2303882000,230388200
6205,2026-09-13,詮欣股份有限公司,上市,電子零組件,822359070,82235907
6206,2026-09-13,飛捷科技股份有限公司,上市,電腦及週邊,1430623240,143062324
6209,2026-09-13,今國光學工業股份有限公司,上市,光電業,1804627020,180462702
6213,2026-09-13,聯茂電子股份有限公司,上市,電子零組件,3635972180,363597218
6214,2026-09-13,精誠資訊股份有限公司,上市,資訊服務業,2722430660,272243066
6215,2026-09-13,和椿科技股份有限公司,上市,其他電子業,827896930,82789693
6216,2026-09-13,居易科技股份有限公司,上市,通信網路業,972961370,97296137
6224,2026-09-13,聚鼎科技股份有限公司,上市,電子零組件,856453610,85645361
6225,2026-09-13,天瀚科技股份有限公司,上市,光電業,278000000,27800000
6226,2026-09-13,光鼎電子股份有限公司,上市,光電業,1155347890,115534789
6230,2026-09-13,尼得科超眾科技股份有限公司,上市,電腦及週邊,863433960,86343396
6235,2026-09-13,華孚科技股份有限公司,上市,電腦及週邊,1999063060,199906306
6239,2026-09-13,力成科技股份有限公司,上市,半導體業,7591466340,759146634
6243,2026-09-13,迅杰科技股份有限公司,上市,半導體業,452688410,45268841
6257,2026-09-13,矽格股份有限公司,上市,半導體業,4839123250,483912325
6269,2026-09-13,台郡科技股份有限公司,上市,電子零組件,3238314810,323831481
6271,2026-09-13,同欣電子工業股份有限公司,上市,半導體業,2090580240,209058024
6272,2026-09-13,驊陞科技股份有限公司,上市,電子零組件,817639480,81763948
6277,2026-09-13,宏正自動科技股份有限公司,上市,電腦及週邊,1194711660,119471166
6278,2026-09-13,台灣表面黏著科技股份有限公司,上市,光電業,2923983530,292398353
6281,2026-09-13,全國電子股份有限公司,上市,電子通路業,991729450,99172945
6282,2026-09-13,康舒科技股份有限公司,上市,電子零組件,8561007050,856100705
6283,2026-09-13,淳安電子股份有限公司,上市,其他電子業,1489813430,148981343
6285,2026-09-13,啟碁科技股份有限公司,上市,通信網路業,4834413590,483441359
6405,2026-09-13,悅城科技股份有限公司,上市,光電業,658000000,65800000
6409,2026-09-13,旭隼科技股份有限公司,上市,其他電子業,882535660,88253566
6412,2026-09-13,群光電能科技股份有限公司,上市,電子零組件,4007691260,400769126
6414,2026-09-13,樺漢科技股份有限公司,上市,電腦及週邊,1513150370,151315037
6415,2026-09-13,矽力杰股份有限公司,上市,半導體業,973632132,389452853
6416,2026-09-13,瑞祺電通股份有限公司,上市,通信網路業,733484600,73348460
6426,2026-09-13,統新光訊股份有限公司,上市,通信網路業,385090000,38509000
6431,2026-09-13,光麗生技控股股份有限公司,上市,生技醫療業,973988350,97398835
6438,2026-09-13,迅得機械股份有限公司,上市,其他電子業,822063250,82206325
6442,2026-09-13,光紅建聖股份有限公司,上市,通信網路業,804501550,80450155
6443,2026-09-13,元晶太陽能科技股份有限公司,上市,光電業,5386914660,512796730
6446,2026-09-13,藥華醫藥股份有限公司,上市,生技醫療業,4224346360,422434636
6449,2026-09-13,鈺邦科技股份有限公司,上市,電子零組件,918780140,91878014
6451,2026-09-13,訊芯科技控股股份有限公司,上市,半導體業,1177371930,117737193
6456,2026-09-13,GIS Holding Limited,上市,光電業,3379398000,337939800
6464,2026-09-13,台灣數位光訊科技股份有限公司,上市,其他,1339327930,133932793
6472,2026-09-13,保瑞藥業股份有限公司,上市,生技醫療業,1277560590,127756059
6477,2026-09-13,安集科技股份有限公司,上市,光電業,1237871960,123787196
6491,2026-09-13,晶碩光學股份有限公司,上市,生技醫療業,780000000,78000000
6504,2026-09-13,南六企業股份有限公司,上市,其他,726000000,72600000
6505,2026-09-13,台塑石化股份有限公司,上市,油電燃氣業,95259596520,9525959652
6515,2026-09-13,穎崴科技股份有限公司,上市,半導體業,364447820,36444782
6525,2026-09-13,捷敏股份有限公司,上市,半導體業,1290473840,129047384
6526,2026-09-13,達發科技股份有限公司,上市,半導體業,1675055540,167505554
6531,2026-09-13,愛普科技股份有限公司,上市,半導體業,814232700,162846540
6533,2026-09-13,晶心科技股份有限公司,上市,半導體業,506509110,50650911
6534,2026-09-13,正瀚生技股份有限公司,上市,生技醫療業,1028000000,102800000
6541,2026-09-13,泰福生技股份有限公司,上市,生技醫療業,2652163670,265216367
6550,2026-09-13,北極星藥業集團股份有限公司,上市,生技醫療業,8947926880,894792688
6552,2026-09-13,易華電子股份有限公司,上市,半導體業,830000000,83000000
6558,2026-09-13,興能高科技股份有限公司,上市,其他電子業,937888750,93788875
6573,2026-09-13,虹揚發展科技股份有限公司,上市,半導體業,804993450,80499345
6579,2026-09-13,研揚科技股份有限公司,上市,電腦及週邊,1694512210,169451221
6581,2026-09-13,台灣鋼聯股份有限公司,上市,綠能環保,1112708870,111270887
6582,2026-09-13,申豐特用應材股份有限公司,上市,橡膠工業,1061741410,106174141
6585,2026-09-13,鼎基先進材料股份有限公司,上市,其他,721335870,72133587
6589,2026-09-13,台康生技股份有限公司,上市,生技醫療業,3020681690,302068169
6591,2026-09-13,動力科技股份有限公司,上市,電腦及週邊,411224650,41122465
6592,2026-09-13,和潤企業股份有限公司,上市,其他,7418450080,641845008
6598,2026-09-13,Applied BioCode Corporation,上市,生技醫療業,1028190610,102819061
6605,2026-09-13,帝寶工業股份有限公司,上市,汽車工業,1658163970,165816397
6606,2026-09-13,建德工業股份有限公司,上市,電機機械,1103037830,110303783
6614,2026-09-13,資拓宏宇國際股份有限公司,上市,數位雲端,806605210,80660521
6625,2026-09-13,必應創造股份有限公司,上市,其他,579724880,57972488
6641,2026-09-13,基士德科技股份有限公司,上市,綠能環保,365000000,36500000
6645,2026-09-13,金萬林企業股份有限公司,上市,生技醫療業,608640500,60864050
6655,2026-09-13,科定企業股份有限公司,上市,其他,805718170,80571817
6657,2026-09-13,華安醫學股份有限公司,上市,生技醫療業,888080000,88808000
6658,2026-09-13,聯策科技股份有限公司,上市,其他電子業,383700000,38370000
6666,2026-09-13,羅麗芬控股股份有限公司,上市,生技醫療業,473880000,47388000
6668,2026-09-13,中揚光電股份有限公司,上市,光電業,1071160870,107116087
6669,2026-09-13,緯穎科技服務股份有限公司,上市,電腦及週邊,1858407910,185840791
6670,2026-09-13,復盛應用科技股份有限公司,上市,運動休閒,1393869730,139386973
6671,2026-09-13,三能集團控股股份有限公司,上市,居家生活,607500000,60750000
6672,2026-09-13,騰輝電子國際集團股份有限公司,上市,電子零組件,816202120,81620212
6674,2026-09-13,鋐寶科技股份有限公司,上市,通信網路業,685506590,68550659
6689,2026-09-13,伊雲谷數位科技股份有限公司,上市,數位雲端,680000000,68000000
6691,2026-09-13,洋基工程股份有限公司,上市,其他電子業,1214872090,121487209
6695,2026-09-13,芯鼎科技股份有限公司,上市,半導體業,1069476500,106947650
6698,2026-09-13,旭暉應用材料股份有限公司,上市,其他電子業,663897530,66389753
6706,2026-09-13,惠特科技股份有限公司,上市,光電業,785488650,78548865
6715,2026-09-13,嘉基科技股份有限公司,上市,電子零組件,682740260,68274026
6719,2026-09-13,力智電子股份有限公司,上市,半導體業,1055169890,105516989
6722,2026-09-13,輝創電子股份有限公司,上市,其他電子業,884000000,88400000
6742,2026-09-13,澤米科技股份有限公司,上市,光電業,712679480,71267948
6743,2026-09-13,安普新股份有限公司,上市,其他電子業,1500000000,150000000
6753,2026-09-13,龍德造船工業股份有限公司,上市,航運業,1172540810,117254081
6754,2026-09-13,匯僑室內裝修設計股份有限公司,上市,居家生活,660000000,66000000
6756,2026-09-13,威鋒電子股份有限公司,上市,半導體業,699900000,69990000
6757,2026-09-13,台灣虎航股份有限公司,上市,航運業,4595300000,459530000
6768,2026-09-13,志強國際企業股份有限公司,上市,運動休閒,2000950610,200095061
6770,2026-09-13,力晶積成電子製造股份有限公司,上市,半導體業,47120808560,4712080856
6771,2026-09-13,平和環保科技股份有限公司,上市,綠能環保,311795000,31179500
6776,2026-09-13,展碁國際股份有限公司,上市,電子通路業,915814300,91581430
6781,2026-09-13,"AES Holding Co., Ltd.",上市,電子零組件,854187800,85418780
6782,2026-09-13,視陽光學股份有限公司,上市,生技醫療業,630000000,63000000
6789,2026-09-13,采鈺科技股份有限公司,上市,半導體業,3182991190,318299119
6790,2026-09-13,永豐餘消費品實業股份有限公司,上市,造紙工業,2671290210,267129021
6792,2026-09-13,詠業科技股份有限公司,上市,通信網路業,478753250,47875325
6794,2026-09-13,向榮生醫科技股份有限公司,上市,生技醫療業,636370000,63637000
6796,2026-09-13,晉弘科技股份有限公司,上市,生技醫療業,402339700,40233970
6799,2026-09-13,來頡科技股份有限公司,上市,半導體業,436521930,43652193
6805,2026-09-13,富世達股份有限公司,上市,電子零組件,685538960,68553896
6807,2026-09-13,峰源集團股份有限公司,上市,居家生活,540000000,54000000
6830,2026-09-13,汎銓科技股份有限公司,上市,其他電子業,544136150,54413615
6831,2026-09-13,邁&#33834;科技股份有限公司,上市,電腦及週邊,675000000,67500000
6834,2026-09-13,天二科技股份有限公司,上市,電子零組件,884710820,88471082
6835,2026-09-13,圓裕企業股份有限公司,上市,電子零組件,661722970,66172297
6838,2026-09-13,台新藥股份有限公司,上市,生技醫療業,1509771000,150977100
6854,2026-09-13,PlayNitride Inc.,上市,半導體業,1176786220,117678622
6861,2026-09-13,睿生光電股份有限公司,上市,生技醫療業,415992500,41599250
6862,2026-09-13,三集瑞科技國際集團股份有限公司,上市,電子零組件,500000000,50000000
6863,2026-09-13,Arizon RFID Technology,上市,通信網路業,748880000,74888000
6869,2026-09-13,雲豹能源科技股份有限公司,上市,綠能環保,1378300410,137830041
6873,2026-09-13,泓德能源科技股份有限公司,上市,綠能環保,1426490990,142649099
6885,2026-09-13,全福生物科技股份有限公司,上市,生技醫療業,1330610000,133061000
6887,2026-09-13,寶綠特資源再生工程股份有限公司,上市,綠能環保,742055120,74205512
6890,2026-09-13,來億興業股份有限公司,上市,運動休閒,2502966500,250296650
6901,2026-09-13,鑽石生技投資股份有限公司,上市,其他,8533600000,853360000
6902,2026-09-13,走著瞧股份有限公司,上市,數位雲端,355299480,35529948
6906,2026-09-13,現觀科技股份有限公司,上市,數位雲端,335374000,33537400
6908,2026-09-13,宏碁遊戲股份有限公司,上市,電子通路業,371800000,37180000
6909,2026-09-13,創控科技股份有限公司,上市,半導體業,674879000,67487900
6914,2026-09-13,阜爾運通股份有限公司,上市,其他,662260000,66226000
6916,2026-09-13,華凌光電股份有限公司,上市,光電業,675000000,67500000
6918,2026-09-13,愛派司生技股份有限公司,上市,生技醫療業,345710000,34571000
6919,2026-09-13,康霈生技股份有限公司,上市,生技醫療業,778600430,1557200860
6921,2026-09-13,嘉雨思科技股份有限公司,上市,半導體業,318369410,31836941
6923,2026-09-13,中台資源科技股份有限公司,上市,綠能環保,904390000,90439000
6924,2026-09-13,榮惠集團(開曼)股份有限公司,上市,電子零組件,206240000,20624000
6928,2026-09-13,攸泰科技股份有限公司,上市,電腦及週邊,860000000,86000000
6931,2026-09-13,青松健康股份有限公司,上市,生技醫療業,661521600,66152160
6933,2026-09-13,艾瑪斯科技控股股份有限公司,上市,電腦及週邊,424883500,42488350
6934,2026-09-13,心誠鎂行動醫電股份有限公司,上市,生技醫療業,361303040,36130304
6936,2026-09-13,永鴻國際生技股份有限公司,上市,生技醫療業,728040000,72804000
6937,2026-09-13,天虹科技股份有限公司,上市,半導體業,676552630,67655263
6944,2026-09-13,兆聯實業股份有限公司,上市,綠能環保,996942860,99694286
6947,2026-09-13,台鎔科技材料股份有限公司,上市,綠能環保,1061263340,106126334
6949,2026-09-13,沛爾生技醫藥股份有限公司,上市,生技醫療業,655800500,1311601000
6951,2026-09-13,青新環境工程股份有限公司,上市,綠能環保,520000000,52000000
6952,2026-09-13,大武山牧場科技股份有限公司,上市,其他,683450000,68345000
6955,2026-09-13,邦睿生技股份有限公司,上市,生技醫療業,303809600,30380960
6957,2026-09-13,裕慶金屬股份有限公司,上市,其他,555603140,55560314
6958,2026-09-13,日盛台駿國際租賃股份有限公司,上市,其他,4412893600,401289360
6962,2026-09-13,ITH Corporation,上市,半導體業,4923965650,492396565
6965,2026-09-13,中傑投資控股股份有限公司,上市,運動休閒,1563360000,156336000
6969,2026-09-13,成信實業股份有限公司,上市,綠能環保,709197208,43857189
6988,2026-09-13,威力暘電子股份有限公司,上市,汽車工業,476000000,47600000
6994,2026-09-13,富威電力股份有限公司,上市,綠能環保,741620710,74162071
7610,2026-09-13,聯友金屬科技股份有限公司,上市,綠能環保,583054560,58305456
7631,2026-09-13,聚賢研發股份有限公司,上市,其他電子業,201420000,20142000
7689,2026-09-13,大鵬科技股份有限公司,上市,通信網路業,585072500,58507250
7705,2026-09-13,三商餐飲股份有限公司,上市,觀光餐旅,660673040,66067304
7711,2026-09-13,永擎電子股份有限公司,上市,電腦及週邊,717004450,71700445
7721,2026-09-13,微程式資訊股份有限公司,上市,數位雲端,553700000,55370000
7722,2026-09-13,連加網路商業股份有限公司,上市,數位雲端,714000000,71400000
7730,2026-09-13,暉盛科技股份有限公司,上市,半導體業,367967310,36796731
7732,2026-09-13,金興精密工業股份有限公司,上市,汽車工業,646800000,64680000
7736,2026-09-13,虎山實業股份有限公司,上市,汽車工業,760000000,76000000
7740,2026-09-13,熙特爾新能源股份有限公司,上市,綠能環保,600000000,60000000
7749,2026-09-13,意騰科技股份有限公司,上市,半導體業,464857280,46485728
7750,2026-09-13,新代科技股份有限公司,上市,電機機械,718430000,71843000
7760,2026-09-13,享溫馨企業股份有限公司,上市,觀光餐旅,660480000,66048000
7765,2026-09-13,中華資安國際股份有限公司,上市,數位雲端,406810000,40681000
7768,2026-09-13,頌勝科技材料股份有限公司,上市,半導體業,700650000,70065000
7769,2026-09-13,鴻勁精密股份有限公司,上市,半導體業,1799300000,179930000
7780,2026-09-13,大研生醫國際股份有限公司,上市,食品工業,810024170,810024170
7786,2026-09-13,東方風能科技股份有限公司,上市,綠能環保,1759539440,175953944
7788,2026-09-13,松川精密股份有限公司,上市,電子零組件,797459930,79745993
7791,2026-09-13,皇家可口股份有限公司,上市,食品工業,800000000,80000000
7795,2026-09-13,長廣精機股份有限公司,上市,電子零組件,788285000,78828500
7799,2026-09-13,禾榮科技股份有限公司,上市,生技醫療業,1582450000,158245000
7803,2026-09-13,雲象科技股份有限公司,上市,生技醫療業,944128880,94412888
7818,2026-09-13,溢泰實業股份有限公司,上市,綠能環保,1679460000,167946000
7821,2026-09-13,神達數位股份有限公司,上市,汽車工業,1219133000,121913300
7822,2026-09-13,倍利科技股份有限公司,上市,半導體業,455607630,45560763
7823,2026-09-13,奧義賽博科技股份有限公司,上市,數位雲端,334908900,33490890
7827,2026-09-13,英屬開曼群島商漢康生技(股)公司,上市,生技醫療業,1399722620,139972262
7835,2026-09-13,永悅健康股份有限公司,上市,數位雲端,465443670,46544367
7855,2026-09-13,和運租車股份有限公司,上市,其他,1925279280,192527928
8011,2026-09-13,台通光電股份有限公司,上市,通信網路業,1659218910,165921891
8016,2026-09-13,矽創電子股份有限公司,上市,半導體業,1201368760,120136876
8021,2026-09-13,尖點科技股份有限公司,上市,其他電子業,1450424670,145042467
8028,2026-09-13,昇陽國際半導體股份有限公司,上市,半導體業,1794917290,179491729
8033,2026-09-13,雷虎科技股份有限公司,上市,其他,1646297750,164629775
8039,2026-09-13,台虹科技股份有限公司,上市,電子零組件,2638039940,263803994
8045,2026-09-13,達運光電股份有限公司,上市,通信網路業,950418150,95041815
8046,2026-09-13,南亞電路板股份有限公司,上市,電子零組件,6461654870,646165487
8070,2026-09-13,長華電材股份有限公司,上市,電子通路業,725648455,725648455
8072,2026-09-13,陞泰科技股份有限公司,上市,電子通路業,800000000,80000000
8081,2026-09-13,致新科技股份有限公司,上市,半導體業,861720720,86172072
8101,2026-09-13,華冠通訊股份有限公司,上市,通信網路業,521662160,52166216
8103,2026-09-13,瀚荃股份有限公司,上市,電子零組件,784366710,78436671
8104,2026-09-13,錸寶科技股份有限公司,上市,光電業,1040581920,104058192
8105,2026-09-13,凌巨科技股份有限公司,上市,光電業,4415448510,441544851
8110,2026-09-13,華東科技股份有限公司,上市,半導體業,5177398760,517739876
8112,2026-09-13,至上電子股份有限公司,上市,電子通路業,5952930580,565293058
8114,2026-09-13,振樺電子股份有限公司,上市,電腦及週邊,1076409190,76487772
8131,2026-09-13,福懋科技股份有限公司,上市,半導體業,4422222230,442222223
8150,2026-09-13,南茂科技股份有限公司,上市,半導體業,7045231260,704523126
8162,2026-09-13,微矽電子股份有限公司,上市,半導體業,687020000,68702000
8163,2026-09-13,達方電子股份有限公司,上市,電腦及週邊,2800000010,280000001
8201,2026-09-13,無敵科技股份有限公司,上市,其他電子業,623662750,62366275
8210,2026-09-13,勤誠興業股份有限公司,上市,電腦及週邊,1256191460,125619146
8213,2026-09-13,志超科技股份有限公司,上市,電子零組件,2712424880,271242488
8215,2026-09-13,明基材料股份有限公司,上市,光電業,3206745140,320674514
8222,2026-09-13,寶一科技股份有限公司,上市,電機機械,685735000,68573500
8249,2026-09-13,菱光科技股份有限公司,上市,電子零組件,1378245000,137824500
8261,2026-09-13,富鼎先進電子股份有限公司,上市,半導體業,1188783930,118878393
8271,2026-09-13,宇瞻科技股份有限公司,上市,半導體業,1296142660,129614266
8341,2026-09-13,日友環保科技股份有限公司,上市,綠能環保,1300000000,130000000
8367,2026-09-13,建新國際股份有限公司,上市,航運業,921720310,92172031
8374,2026-09-13,羅昇企業股份有限公司,上市,電機機械,1122504870,112250487
8404,2026-09-13,百和興業股份有限公司(開曼),上市,其他,4199338840,419933884
8411,2026-09-13,福貞控股股份有限公司,上市,其他,2211391670,221139167
8422,2026-09-13,可寧衛股份有限公司,上市,綠能環保,1358762544,1358762544
8429,2026-09-13,金麗集團控股有限公司,上市,貿易百貨,1857471510,185747151
8438,2026-09-13,昶昕實業股份有限公司,上市,綠能環保,699430000,69943000
8442,2026-09-13,威宏控股股份有限公司,上市,其他,701697640,70169764
8443,2026-09-13,阿瘦實業股份有限公司,上市,貿易百貨,668000000,66800000
8454,2026-09-13,富邦媒體科技股份有限公司,上市,數位雲端,2649752750,264975275
8462,2026-09-13,柏文健康事業股份有限公司,上市,運動休閒,803866160,80386616
8463,2026-09-13,潤泰精密材料股份有限公司,上市,其他,1500000000,150000000
8464,2026-09-13,億豐綜合工業股份有限公司,上市,居家生活,2930202000,293020200
8466,2026-09-13,美吉吉國際股份有限公司,上市,其他,794456280,79445628
8467,2026-09-13,波力環球企業股份有限公司,上市,運動休閒,483735750,48373575
8473,2026-09-13,山林水環境工程股份有限公司,上市,綠能環保,1823069220,182306922
8476,2026-09-13,台境企業股份有限公司,上市,綠能環保,831131790,166226358
8478,2026-09-13,東哥企業股份有限公司,上市,運動休閒,939722760,93972276
8481,2026-09-13,政伸企業股份有限公司,上市,其他,666018660,66601866
8482,2026-09-13,商億全球控股有限公司,上市,居家生活,1074440000,107444000
8487,2026-09-13,愛爾達科技股份有限公司,上市,數位雲端,265350000,26535000
8488,2026-09-13,吉源控股股份有限公司,上市,其他,735000000,73500000
8499,2026-09-13,鼎炫投資控股股份有限公司,上市,其他電子業,411655570,41165557
8926,2026-09-13,台灣汽電共生股份有限公司,上市,油電燃氣業,8302820000,830282000
8940,2026-09-13,新天地國際實業股份有限公司,上市,觀光餐旅,674910320,67491032
8996,2026-09-13,高力熱處理工業股份有限公司,上市,電機機械,935015370,93501537
9103,2026-09-13,美德向邦醫療國際股份有限公司,上市,91,827042000,549411240
9105,2026-09-13,泰金寶科技股份有限公司,上市,91,9383139832,10450002831
9110,2026-09-13,越南製造加工出口控股有限公司,上市,91,38168000,907680000
9136,2026-09-13,巨騰國際控股有限公司,上市,91,440764000,1200008445
9802,2026-09-13,鈺齊國際股份有限公司,上市,運動休閒,2009916730,200991673
9902,2026-09-13,台火開發股份有限公司,上市,其他,980496000,98049600
9904,2026-09-13,寶成工業股份有限公司,上市,運動休閒,29467872130,2946787213
9905,2026-09-13,大華金屬工業股份有限公司,上市,其他,3050000000,305000000
9906,2026-09-13,欣巴巴事業股份有限公司,上市,建材營造,903763580,90376358
9907,2026-09-13,統一實業股份有限公司,上市,其他,15791453420,1579145342
9908,2026-09-13,大台北區瓦斯股份有限公司,上市,油電燃氣業,5163580000,516358000
9910,2026-09-13,豐泰企業股份有限公司,上市,運動休閒,9874828310,987482831
9911,2026-09-13,台灣櫻花股份有限公司,上市,居家生活,2223322870,222332287
9912,2026-09-13,偉聯科技股份有限公司,上市,電腦及週邊,537925690,53792569
9914,2026-09-13,美利達工業股份有限公司,上市,運動休閒,2989838000,298983800
9917,2026-09-13,中興保全科技股份有限公司,上市,其他,4511970930,451197093
9918,2026-09-13,欣欣天然氣股份有限公司,上市,油電燃氣業,1805374530,180537453
9919,2026-09-13,康那香企業股份有限公司,上市,其他,1953627500,195362750
9921,2026-09-13,巨大機械工業股份有限公司,上市,運動休閒,3920653950,392065395
9924,2026-09-13,台灣福興工業股份有限公司,上市,居家生活,1507617360,150761736
9925,2026-09-13,台灣新光保全股份有限公司,上市,其他,3874896050,387489605
9926,2026-09-13,新海瓦斯股份有限公司,上市,油電燃氣業,1795040750,179504075
9927,2026-09-13,泰銘實業股份有限公司,上市,其他,1200000000,120000000
9928,2026-09-13,中國電視事業股份有限公司,上市,其他,707245830,70724583
9929,2026-09-13,秋雨創新股份有限公司,上市,其他,1012800000,101280000
9930,2026-09-13,中聯資源股份有限公司,上市,綠能環保,2485403680,248540368
9931,2026-09-13,欣高石油氣股份有限公司,上市,油電燃氣業,1203693030,120369303
9933,2026-09-13,中鼎工程股份有限公司,上市,其他,9444370340,944437034
9934,2026-09-13,成霖企業股份有限公司,上市,居家生活,4110169620,411016962
9935,2026-09-13,慶豐富實業股份有限公司,上市,居家生活,1778389260,177838926
9937,2026-09-13,全國加油站股份有限公司,上市,油電燃氣業,3090430000,309043000
9938,2026-09-13,台灣百和工業股份有限公司,上市,其他,2979639020,297963902
9939,2026-09-13,宏全國際股份有限公司,上市,其他,2957864750,295786475
9940,2026-09-13,信義房屋股份有限公司,上市,其他,7368465000,736846500
9941,2026-09-13,裕融企業股份有限公司,上市,其他,6756363460,575636346
9942,2026-09-13,茂順密封元件科技股份有限公司,上市,其他,831613200,83161320
9943,2026-09-13,好樂迪股份有限公司,上市,觀光餐旅,1251715100,125171510
9944,2026-09-13,新麗企業股份有限公司,上市,其他,1059081000,105908100
9945,2026-09-13,潤泰創新國際股份有限公司,上市,其他,28442250860,2844225086
9946,2026-09-13,三發地產股份有限公司,上市,建材營造,3265541500,326554150
9955,2026-09-13,佳龍科技工程股份有限公司,上市,綠能環保,1044246290,104424629
9958,2026-09-13,世紀鋼鐵結構股份有限公司,上市,鋼鐵工業,2468966650,246896665
